Date,Status,CancellationDate,PaidAmount
2021-08-09 10:00,Confirmed,,150.0
2021-08-09 12:00,Confirmed,,90.0
2021-08-11 11:00,Canceled,,0.0
2021-08-16 07:30,Confirmed,,90.0
2021-08-16 10:00,Confirmed,,90.0
2021-08-16 11:00,Confirmed,,90.0
2021-08-17 09:00,Confirmed,,90.0
2021-08-17 09:30,Confirmed,,0.0
2021-08-17 12:00,Confirmed,,90.0
2021-08-17 13:00,Confirmed,,90.0
2021-08-18 07:30,Confirmed,,90.0
2021-08-18 09:30,Confirmed,,90.0
2021-08-18 11:00,Confirmed,,0.0
2021-08-18 12:00,Confirmed,,90.0
2021-08-18 14:00,Confirmed,,90.0
2021-08-19 09:00,Confirmed,,90.0
2021-08-19 10:00,Confirmed,,90.0
2021-08-19 12:00,Confirmed,,90.0
2021-08-23 09:00,Confirmed,,120.0
2021-08-23 10:00,Confirmed,,90.0
2021-08-23 14:00,Confirmed,,90.0
2021-08-23 15:00,Confirmed,,190.0
2021-08-24 09:00,Confirmed,,90.0
2021-08-24 10:00,Confirmed,,90.0
2021-08-25 08:00,Confirmed,,90.0
2021-08-26 09:00,Confirmed,,90.0
2021-08-26 10:30,Confirmed,,150.0
2021-08-31 07:30,Confirmed,,90.0
2021-08-31 10:00,Canceled,,0.0
2021-08-31 16:00,Confirmed,,90.0
2021-09-01 08:30,Canceled,,0.0
2021-09-02 10:30,Confirmed,,90.0
2021-09-07 15:00,Canceled,,0.0
2021-09-08 10:00,Confirmed,,90.0
2021-09-08 10:30,Confirmed,,90.0
2021-09-08 11:00,Confirmed,,90.0
2021-09-09 09:00,Canceled,,0.0
2021-09-09 09:00,Confirmed,,90.0
2021-09-09 10:00,Confirmed,,90.0
2021-09-09 11:00,Confirmed,,90.0
2021-09-13 09:00,Confirmed,,90.0
2021-09-13 10:00,Confirmed,,90.0
2021-09-13 11:00,Canceled,,0.0
2021-09-13 11:10,Confirmed,,90.0
2021-09-13 12:00,Confirmed,,90.0
2021-09-14 08:00,Confirmed,,90.0
2021-09-15 07:30,Confirmed,,90.0
2021-09-16 08:00,Missed,,0.0
2021-09-16 09:30,Confirmed,,90.0
2021-09-16 10:00,Confirmed,,90.0
2021-09-16 11:30,Confirmed,,90.0
2021-09-20 08:00,Canceled,,0.0
2021-09-20 10:00,Canceled,,0.0
2021-09-20 11:30,Confirmed,,90.0
2021-09-21 07:30,Confirmed,,0.0
2021-09-21 08:00,Confirmed,,90.0
2021-09-21 08:30,Confirmed,,90.0
2021-09-22 08:00,Confirmed,,90.0
2021-09-22 08:30,Confirmed,,90.0
2021-09-23 12:30,Missed,,0.0
2021-09-24 08:30,Confirmed,,90.0
2021-09-27 08:15,Confirmed,,120.0
2021-09-27 08:30,Confirmed,,90.0
2021-09-27 09:00,Confirmed,,90.0
2021-09-27 10:00,Confirmed,,90.0
2021-09-27 10:30,Confirmed,,0.0
2021-09-27 10:30,Confirmed,,150.0
2021-09-27 11:30,Confirmed,,90.0
2021-09-27 12:00,Confirmed,,0.0
2021-09-28 07:45,Confirmed,,90.0
2021-10-01 12:30,Confirmed,,120.0
2021-10-04 09:00,Confirmed,,120.0
2021-10-04 12:00,Confirmed,,90.0
2021-10-04 13:00,Canceled,,0.0
2021-10-06 08:15,Confirmed,,90.0
2021-10-07 07:30,Missed,,0.0
2021-10-07 12:00,Confirmed,,90.0
2021-10-07 13:00,Confirmed,,90.0
2021-10-11 09:00,Confirmed,,90.0
2021-10-11 12:30,Confirmed,,90.0
2021-10-12 07:25,Missed,,0.0
2021-10-13 08:30,Confirmed,,90.0
2021-10-14 07:30,Confirmed,,90.0
2021-10-14 08:00,Confirmed,,90.0
2021-10-14 11:30,Confirmed,,90.0
2021-10-15 08:30,Confirmed,,90.0
2021-10-18 08:30,Missed,,0.0
2021-10-18 09:00,Missed,,0.0
2021-10-18 10:55,Missed,,0.0
2021-10-18 11:45,Confirmed,,90.0
2021-10-19 14:00,Confirmed,,90.0
2021-10-21 08:00,Canceled,,0.0
2021-10-25 08:45,Confirmed,,90.0
2021-10-25 09:30,Confirmed,,90.0
2021-10-25 10:15,Missed,,0.0
2021-10-25 10:55,Confirmed,,90.0
2021-10-26 08:30,Confirmed,,120.0
2021-10-27 07:45,Confirmed,,90.0
2021-10-27 08:30,Confirmed,,0.0
2021-10-27 11:00,Confirmed,,0.0
2021-10-28 08:45,Confirmed,,250.0
2021-10-28 11:00,Confirmed,,90.0
2021-10-28 12:00,Confirmed,,150.0
2021-11-01 08:30,Confirmed,,120.0
2021-11-01 09:00,Confirmed,,90.0
2021-11-01 09:30,Confirmed,,55.0
2021-11-01 10:30,Confirmed,,150.0
2021-11-02 07:00,Confirmed,,90.0
2021-11-02 08:30,Confirmed,,90.0
2021-11-02 10:00,Confirmed,,90.0
2021-11-02 11:00,Confirmed,,45.0
2021-11-03 11:00,Confirmed,,50.0
2021-11-04 11:00,Confirmed,,45.0
2021-11-05 09:00,Confirmed,,90.0
2021-11-08 09:30,Confirmed,,90.0
2021-11-08 10:00,Confirmed,,40.0
2021-11-08 10:30,Confirmed,,90.0
2021-11-09 08:00,Confirmed,,0.0
2021-11-10 08:30,Confirmed,,10.0
2021-11-11 08:30,Confirmed,,90.0
2021-11-11 08:45,Confirmed,,190.0
2021-11-11 10:00,Canceled,,0.0
2021-11-15 08:30,Confirmed,,50.0
2021-11-15 10:00,Confirmed,,70.0
2021-11-16 07:30,Canceled,,0.0
2021-11-16 08:00,Confirmed,,18.37
2021-11-16 08:30,Confirmed,,70.0
2021-11-16 11:00,Confirmed,,90.0
2021-11-17 07:30,Confirmed,,90.0
2021-11-17 08:00,Confirmed,,90.0
2021-11-17 08:30,Confirmed,,50.0
2021-11-17 11:00,Confirmed,,30.0
2021-11-18 08:30,Confirmed,,90.0
2021-11-18 08:45,Missed,,0.0
2021-11-22 08:15,Confirmed,,25.0
2021-11-23 08:45,Confirmed,,70.0
2021-11-24 08:45,Confirmed,,120.0
2021-11-26 11:00,Canceled,,0.0
2021-11-29 12:00,Confirmed,,150.0
2021-12-02 08:30,Confirmed,,45.0
2021-12-02 08:45,Confirmed,,250.0
2021-12-06 08:30,Confirmed,,120.0
2021-12-06 09:00,Confirmed,,0.0
2021-12-06 09:30,Confirmed,,90.0
2021-12-07 08:45,Confirmed,,40.0
2021-12-08 08:45,Confirmed,,35.0
2021-12-09 09:00,Confirmed,,10.0
2021-12-10 09:00,Confirmed,,40.0
2021-12-10 09:15,Canceled,,0.0
2021-12-13 08:30,Confirmed,,90.0
2021-12-13 08:45,Missed,,0.0
2021-12-13 12:30,Confirmed,,90.0
2021-12-14 08:30,Canceled,,0.0
2021-12-14 08:45,Confirmed,,30.0
2021-12-15 08:30,Confirmed,,90.0
2021-12-15 08:45,Confirmed,,150.0
2021-12-16 08:00,Confirmed,,18.37
2021-12-16 08:45,Confirmed,,90.0
2021-12-16 10:30,Confirmed,,90.0
2021-12-16 11:15,Confirmed,,195.0
2021-12-16 12:00,Confirmed,,295.0
2021-12-17 08:45,Confirmed,,90.0
2021-12-20 08:30,Confirmed,,50.0
2021-12-20 12:30,Missed,,0.0
2021-12-22 08:45,Confirmed,,25.0
2021-12-23 08:30,Canceled,,0.0
2021-12-23 08:45,Confirmed,,0.0
2021-12-27 08:45,Confirmed,,50.0
2021-12-28 08:45,Confirmed,,195.0
2021-12-28 13:00,Confirmed,,0.0
2021-12-29 08:30,Canceled,,0.0
2021-12-30 09:00,Confirmed,,150.0
2022-01-03 08:30,Confirmed,,120.0
2022-01-03 08:45,Confirmed,,45.0
2022-01-03 13:00,Canceled,,0.0
2022-01-04 08:30,Confirmed,,90.0
2022-01-04 08:45,Confirmed,,90.0
2022-01-04 18:30,Canceled,,0.0
2022-01-05 08:00,Confirmed,,90.0
2022-01-05 08:30,Missed,,0.0
2022-01-05 08:45,Confirmed,,90.0
2022-01-06 08:15,Confirmed,,90.0
2022-01-06 08:45,Confirmed,,125.0
2022-01-06 09:30,Confirmed,,90.0
2022-01-06 16:00,Confirmed,,90.0
2022-01-07 09:30,Confirmed,,195.0
2022-01-07 12:30,Confirmed,,120.0
2022-01-10 08:45,Confirmed,,90.0
2022-01-10 12:00,Confirmed,,0.0
2022-01-11 08:30,Confirmed,,10.0
2022-01-11 08:45,Confirmed,,30.0
2022-01-12 08:30,Confirmed,,90.0
2022-01-12 09:15,Confirmed,,90.0
2022-01-13 08:45,Confirmed,,120.0
2022-01-14 09:00,Confirmed,,0.0
2022-01-17 08:45,Canceled,,0.0
2022-01-24 08:45,Confirmed,,150.0
2022-01-24 12:30,Confirmed,,97.5
2022-01-25 08:30,Confirmed,,90.0
2022-01-25 08:45,Confirmed,,25.0
2022-01-26 08:00,Confirmed,,18.37
2022-01-26 08:30,Confirmed,,50.0
2022-01-26 14:00,Confirmed,,0.0
2022-01-27 08:45,Missed,,0.0
2022-01-28 08:00,Confirmed,,295.0
2022-01-28 09:30,Confirmed,,150.0
2022-01-31 07:30,Confirmed,,25.0
2022-01-31 08:30,Confirmed,,0.0
2022-01-31 08:45,Confirmed,,90.0
2022-02-01 08:45,Confirmed,,90.0
2022-02-01 10:00,Confirmed,,195.0
2022-02-02 08:30,Confirmed,,90.0
2022-02-02 08:45,Confirmed,,90.0
2022-02-03 08:30,Confirmed,,97.5
2022-02-03 10:00,Canceled,,0.0
2022-02-04 08:30,Confirmed,,90.0
2022-02-04 09:00,Confirmed,,0.0
2022-02-04 09:30,Confirmed,,45.0
2022-02-04 09:45,Confirmed,,295.0
2022-02-04 10:45,Confirmed,,120.0
2022-02-04 11:15,Confirmed,,40.0
2022-02-07 08:30,Confirmed,,90.0
2022-02-07 08:45,Confirmed,,10.0
2022-02-07 09:15,Confirmed,,0.0
2022-02-07 12:30,Confirmed,,90.0
2022-02-08 08:45,Confirmed,,30.0
2022-02-09 08:45,Confirmed,,35.0
2022-02-09 12:30,Confirmed,,145.0
2022-02-10 07:30,Confirmed,,25.0
2022-02-10 08:00,Confirmed,,95.0
2022-02-10 08:45,Missed,,0.0
2022-02-15 08:30,Confirmed,,90.0
2022-02-15 08:45,Confirmed,,120.0
2022-02-15 09:30,Confirmed,,70.0
2022-02-16 08:30,Confirmed,,90.0
2022-02-16 12:00,Confirmed,,90.0
2022-02-17 09:30,Confirmed,,0.0
2022-02-17 12:30,Confirmed,,90.0
2022-02-17 13:00,Confirmed,,95.0
2022-02-18 08:00,Confirmed,,90.0
2022-02-18 08:30,Confirmed,,0.0
2022-02-18 12:00,Confirmed,,0.0
2022-02-20 14:00,Confirmed,,90.0
2022-02-21 08:30,Confirmed,,10.0
2022-02-22 08:45,Confirmed,,10.0
2022-02-23 08:30,Confirmed,,90.0
2022-02-23 12:30,Confirmed,,50.0
2022-02-24 08:45,Confirmed,,5.0
2022-02-28 08:00,Missed,,0.0
2022-02-28 08:20,Confirmed,,10.0
2022-03-01 09:00,Confirmed,,0.0
2022-03-01 12:00,Confirmed,,150.0
2022-03-02 08:45,Missed,,0.0
2022-03-04 08:00,Confirmed,,261.77
2022-03-04 09:00,Confirmed,,45.0
2022-03-04 09:30,Confirmed,,97.5
2022-03-04 10:00,Missed,,0.0
2022-03-07 08:30,Canceled,,0.0
2022-03-07 08:45,Confirmed,,10.0
2022-03-08 08:00,Confirmed,,95.0
2022-03-08 08:20,Confirmed,,183.65
2022-03-09 08:00,Confirmed,,90.0
2022-03-09 08:30,Confirmed,,95.0
2022-03-09 08:45,Confirmed,,18.37
2022-03-10 08:00,Canceled,,0.0
2022-03-10 08:45,Confirmed,,40.0
2022-03-14 11:45,Confirmed,,90.0
2022-03-14 12:00,Confirmed,,35.0
2022-03-14 12:30,Canceled,,0.0
2022-03-15 12:00,Confirmed,,20.0
2022-03-15 12:30,Confirmed,,5.0
2022-03-16 08:30,Confirmed,,50.0
2022-03-16 09:30,Confirmed,,120.0
2022-03-16 12:30,Canceled,,0.0
2022-03-18 08:30,Confirmed,,0.0
2022-03-21 08:30,Confirmed,,10.0
2022-03-21 09:00,Confirmed,,30.0
2022-03-22 08:10,Confirmed,,183.65
2022-03-23 12:10,Confirmed,,0.0
2022-03-23 12:30,Confirmed,,10.0
2022-03-24 08:45,Canceled,,0.0
2022-03-24 12:30,Confirmed,,20.0
2022-03-28 08:00,Confirmed,,90.0
2022-03-28 08:30,Confirmed,,90.0
2022-03-28 09:00,Confirmed,,90.0
2022-03-28 12:00,Confirmed,,97.5
2022-03-29 08:00,Confirmed,,183.65
2022-03-29 08:30,Confirmed,,20.0
2022-03-30 08:30,Confirmed,,0.0
2022-03-31 09:00,Confirmed,,25.0
2022-03-31 12:00,Confirmed,,150.0
2022-04-01 08:30,Confirmed,,10.0
2022-04-04 08:40,Canceled,,0.0
2022-04-05 08:45,Confirmed,,0.0
2022-04-05 11:00,Confirmed,,95.0
2022-04-05 11:30,Confirmed,,120.0
2022-04-06 10:30,Confirmed,,40.0
2022-04-06 11:30,Confirmed,,75.0
2022-04-06 12:00,Confirmed,,25.0
2022-04-07 08:45,Canceled,,0.0
2022-04-11 12:00,Confirmed,,35.0
2022-04-11 12:15,Confirmed,,20.0
2022-04-11 12:30,Confirmed,,5.0
2022-04-13 11:00,Confirmed,,40.0
2022-04-14 08:45,Confirmed,,30.0
2022-04-14 09:00,Confirmed,,10.0
2022-04-14 12:30,Confirmed,,195.0
2022-04-25 12:00,Confirmed,,97.5
2022-04-25 13:30,Confirmed,,90.0
2022-04-26 08:20,Confirmed,,90.0
2022-04-26 08:40,Confirmed,,10.0
2022-04-26 12:00,Confirmed,,20.0
2022-04-27 08:00,Confirmed,,157.97
2022-04-27 08:30,Confirmed,,120.0
2022-04-27 08:50,Confirmed,,0.0
2022-04-27 13:20,Confirmed,,90.0
2022-04-27 14:00,Confirmed,,25.0
2022-05-02 08:00,Confirmed,,50.0
2022-05-02 08:30,Confirmed,,95.0
2022-05-03 12:00,Missed,,0.0
2022-05-03 12:30,Confirmed,,18.37
2022-05-03 13:20,Confirmed,,150.0
2022-05-04 08:10,Confirmed,,50.0
2022-05-04 08:40,Confirmed,,0.0
2022-05-04 11:30,Confirmed,,25.0
2022-05-04 12:00,Confirmed,,10.0
2022-05-05 08:40,Confirmed,,40.0
2022-05-06 08:00,Confirmed,,0.0
2022-05-06 08:45,Confirmed,,90.0
2022-05-06 09:00,Canceled,,0.0
2022-05-06 09:00,Confirmed,,90.0
2022-05-06 10:00,Confirmed,,25.0
2022-05-06 12:30,Confirmed,,345.0
2022-05-11 08:30,Confirmed,,10.0
2022-05-12 08:45,Confirmed,,10.0
2022-05-16 08:30,Confirmed,,20.0
2022-05-16 12:00,Confirmed,,153.75
2022-05-17 11:30,Canceled,,0.0
2022-05-17 12:00,Confirmed,,35.0
2022-05-17 12:15,Confirmed,,195.0
2022-05-18 08:00,Confirmed,,120.0
2022-05-18 08:30,Confirmed,,10.0
2022-05-19 11:30,Confirmed,,0.0
2022-05-19 12:00,Confirmed,,90.0
2022-05-19 13:00,Confirmed,,15.0
2022-05-20 17:00,Confirmed,,120.0
2022-05-23 08:45,Canceled,,0.0
2022-05-23 12:30,Confirmed,,97.5
2022-05-23 13:00,Confirmed,,150.0
2022-05-24 08:30,Confirmed,,174.02
2022-05-25 12:00,Confirmed,,36.73
2022-05-26 08:00,Confirmed,,25.0
2022-05-30 12:30,Confirmed,,15.0
2022-05-31 12:30,Confirmed,,20.0
2022-05-31 13:30,Confirmed,,150.0
2022-06-01 08:40,Confirmed,,0.0
2022-06-01 08:45,Confirmed,,40.0
2022-06-01 11:30,Confirmed,,5.0
2022-06-01 11:45,Confirmed,,40.0
2022-06-02 08:20,Confirmed,,50.0
2022-06-02 08:40,Confirmed,,0.0
2022-06-07 08:10,Confirmed,,50.0
2022-06-07 08:30,Confirmed,,20.0
2022-06-07 11:30,Confirmed,,25.0
2022-06-08 11:30,Confirmed,,120.0
2022-06-13 08:45,Confirmed,,10.0
2022-06-13 12:00,Confirmed,,15.0
2022-06-14 11:30,Confirmed,,90.0
2022-06-15 08:30,Confirmed,,10.0
2022-06-15 11:30,Confirmed,,10.0
2022-06-15 11:45,Confirmed,,5.0
2022-06-16 09:30,Confirmed,,0.0
2022-06-16 10:00,Confirmed,,18.37
2022-06-16 12:15,Confirmed,,35.0
2022-06-17 10:00,Confirmed,,0.0
2022-06-20 08:30,Confirmed,,150.0
2022-06-20 08:50,Confirmed,,150.0
2022-06-20 11:00,Confirmed,,145.65
2022-06-20 12:00,Canceled,,0.0
2022-06-21 08:00,Confirmed,,70.0
2022-06-22 15:00,Confirmed,,150.0
2022-06-23 11:45,Confirmed,,150.0
2022-06-23 12:15,Canceled,,0.0
2022-06-23 17:30,Confirmed,,25.0
2022-06-27 12:00,Confirmed,,150.0
2022-06-28 11:45,Confirmed,,20.0
2022-06-29 08:45,Confirmed,,0.0
2022-06-29 11:30,Confirmed,,40.0
2022-06-30 12:15,Confirmed,,20.0
2022-06-30 12:45,Confirmed,,150.0
2022-06-30 13:20,Confirmed,,50.0
2022-07-05 08:30,Confirmed,,15.0
2022-07-05 12:30,Confirmed,,395.0
2022-07-05 13:30,Confirmed,,195.0
2022-07-06 08:40,Confirmed,,50.0
2022-07-06 11:30,Canceled,,0.0
2022-07-06 12:15,Confirmed,,15.0
2022-07-08 11:30,Confirmed,,174.02
2022-07-11 12:00,Confirmed,,195.0
2022-07-12 08:00,Confirmed,,70.0
2022-07-12 08:30,Confirmed,,10.0
2022-07-13 08:30,Canceled,,0.0
2022-07-13 11:45,Confirmed,,5.0
2022-07-14 09:00,Canceled,,0.0
2022-07-14 09:50,Confirmed,,145.65
2022-07-14 12:00,Confirmed,,0.0
2022-07-18 08:15,Confirmed,,150.0
2022-07-18 08:30,Confirmed,,90.0
2022-07-18 08:45,Confirmed,,10.0
2022-07-18 12:00,Confirmed,,0.0
2022-07-19 08:45,Confirmed,,25.0
2022-07-20 12:00,Confirmed,,50.0
2022-07-21 13:00,Confirmed,,150.0
2022-07-25 11:30,Confirmed,,150.0
2022-07-28 09:00,Confirmed,,150.0
2022-07-29 08:30,Confirmed,,90.0
2022-07-29 11:00,Confirmed,,195.0
2022-08-01 08:45,Canceled,,0.0
2022-08-01 11:30,Canceled,,0.0
2022-08-01 11:45,Canceled,,0.0
2022-08-02 08:45,Confirmed,,20.0
2022-08-02 11:30,Canceled,,0.0
2022-08-03 12:00,Confirmed,,0.0
2022-08-03 12:30,Missed,,0.0
2022-08-03 12:45,Confirmed,,20.0
2022-08-03 13:00,Canceled,,0.0
2022-08-08 08:40,Confirmed,,20.0
2022-08-08 12:20,Confirmed,,35.0
2022-08-09 08:45,Confirmed,,183.65
2022-08-09 12:30,Canceled,,0.0
2022-08-09 13:00,Confirmed,,0.0
2022-08-09 13:30,Confirmed,,10.0
2022-08-10 11:30,Confirmed,,195.0
2022-08-10 13:30,Confirmed,,50.0
2022-08-10 16:00,Confirmed,,30.0
2022-08-10 16:30,Confirmed,,10.0
2022-08-11 14:00,Confirmed,,15.0
2022-08-15 17:00,Confirmed,,50.0
2022-08-16 12:30,Confirmed,,0.0
2022-08-16 13:30,Missed,,0.0
2022-08-17 09:00,Canceled,,0.0
2022-08-17 13:00,Canceled,,0.0
2022-08-17 13:00,Confirmed,,25.0
2022-08-17 13:30,Missed,,0.0
2022-08-18 08:30,Confirmed,,150.0
2022-08-22 13:00,Confirmed,,30.0
2022-08-23 13:00,Confirmed,,50.0
2022-08-23 13:30,Confirmed,,10.0
2022-08-24 13:00,Canceled,,0.0
2022-08-26 16:00,Confirmed,,150.0
2022-08-29 08:00,Confirmed,,150.0
2022-08-29 13:00,Confirmed,,150.0
2022-08-29 13:30,Confirmed,,195.0
2022-08-31 12:00,Confirmed,,20.0
2022-09-01 12:00,Confirmed,,150.0
2022-09-01 12:00,Canceled,,0.0
2022-09-01 12:30,Confirmed,,150.0
2022-09-07 11:00,Canceled,,0.0
2022-09-07 12:30,Confirmed,,20.0
2022-09-07 12:30,Canceled,,0.0
2022-09-07 13:00,Confirmed,,75.0
2022-09-08 11:30,Confirmed,,150.0
2022-09-08 11:45,Confirmed,,10.0
2022-09-08 12:10,Confirmed,,150.0
2022-09-08 12:30,Confirmed,,35.0
2022-09-08 12:45,Confirmed,,195.0
2022-09-08 13:30,Confirmed,,30.0
2022-09-09 09:30,Confirmed,,15.0
2022-09-13 08:30,Canceled,,0.0
2022-09-13 13:00,Canceled,,0.0
2022-09-13 13:20,Canceled,,0.0
2022-09-14 08:00,Canceled,,0.0
2022-09-14 08:00,Canceled,,0.0
2022-09-14 12:30,Confirmed,,195.0
2022-09-14 13:00,Confirmed,,0.0
2022-09-14 13:30,Confirmed,,50.0
2022-09-15 13:00,Confirmed,,150.0
2022-09-23 12:30,Confirmed,,0.0
2022-09-26 12:30,Confirmed,,195.0
2022-09-26 13:00,Confirmed,,50.0
2022-09-27 09:30,Confirmed,,150.0
2022-09-28 13:00,Confirmed,,150.0
2022-09-28 13:15,Confirmed,,25.0
2022-09-28 13:30,Confirmed,,195.0
2022-09-29 12:30,Confirmed,,150.0
2022-10-03 11:30,Confirmed,,172.3
2022-10-04 12:45,Confirmed,,50.0
2022-10-05 12:00,Confirmed,,140.12
2022-10-05 12:30,Confirmed,,195.0
2022-10-10 12:30,Confirmed,,0.0
2022-10-10 13:00,Confirmed,,150.0
2022-10-10 14:00,Confirmed,,15.0
2022-10-14 11:30,Confirmed,,395.0
2022-10-17 11:30,Missed,,0.0
2022-10-17 12:00,Confirmed,,150.0
2022-10-19 11:30,Missed,,0.0
2022-10-19 12:30,Canceled,,0.0
2022-10-24 12:00,Missed,,0.0
2022-10-24 13:15,Confirmed,,25.0
2022-10-25 11:40,Confirmed,,150.0
2022-10-26 09:00,Canceled,,0.0
2022-10-26 13:00,Canceled,,0.0
2022-10-26 17:00,Confirmed,,150.0
2022-10-27 12:00,Confirmed,,395.0
2022-11-02 12:00,Confirmed,,0.0
2022-11-02 12:30,Confirmed,,20.0
2022-11-02 13:00,Canceled,,0.0
2022-11-03 14:00,Confirmed,,150.0
2022-11-07 00:30,Canceled,,0.0
2022-11-07 13:15,Confirmed,,75.0
2022-11-09 11:30,Canceled,,0.0
2022-11-09 12:00,Confirmed,,15.0
2022-11-09 12:15,Confirmed,,50.0
2022-11-09 12:45,Confirmed,,195.0
2022-11-14 11:45,Confirmed,,0.0
2022-11-14 12:00,Confirmed,,150.0
2022-11-14 12:30,Confirmed,,0.0
2022-11-14 12:45,Confirmed,,15.0
2022-11-16 11:30,Confirmed,,30.0
2022-11-21 11:00,Canceled,,0.0
2022-11-21 12:00,Confirmed,,25.0
2022-11-21 12:45,Confirmed,,200.0
2022-11-28 09:45,Confirmed,,150.0
2022-11-28 12:00,Confirmed,,195.0
2022-12-05 12:30,Confirmed,,20.0
2022-12-12 11:15,Confirmed,,150.0
2022-12-15 12:40,Confirmed,,195.0
2022-12-15 13:00,Missed,,0.0
2022-12-16 16:00,Confirmed,,150.0
2023-01-02 11:30,Confirmed,,195.0
2023-01-04 12:30,Confirmed,,50.0
2023-01-09 12:30,Canceled,,0.0
2023-01-16 11:30,Canceled,,0.0
2023-01-17 12:00,Canceled,,0.0
2023-01-23 10:15,Confirmed,,150.0
2023-04-03 09:30,Canceled,,0.0
2023-04-03 11:00,Canceled,,0.0
2023-04-03 15:30,Canceled,,0.0
2023-04-03 16:15,Canceled,,0.0
2023-04-12 09:00,Canceled,,0.0
2023-04-13 09:00,Canceled,,0.0
2023-04-14 10:30,Confirmed,,25.0
2023-04-18 10:00,Confirmed,,30.0
2023-04-18 10:30,Canceled,,0.0
2023-04-18 11:00,Confirmed,,10.0
2023-04-18 11:30,Confirmed,,195.0
2023-04-21 09:00,Confirmed,,170.0
2023-04-25 14:15,Confirmed,,150.0
2023-04-26 13:00,Confirmed,,150.0
2023-04-28 10:30,Confirmed,,0.0
2023-05-01 13:30,Confirmed,,30.0
2023-05-01 14:15,Confirmed,,20.0
2023-05-03 13:30,Canceled,,0.0
2023-05-04 09:40,Confirmed,,15.0
2023-05-04 13:30,Confirmed,,90.0
2023-05-05 11:00,Confirmed,,25.0
2023-05-05 11:30,Confirmed,,252.02
2023-05-05 12:15,Confirmed,,17.24
2023-05-05 12:30,Confirmed,,195.0
2023-05-05 12:45,Confirmed,,25.0
2023-05-05 12:55,Confirmed,,0.0
2023-05-05 13:40,Confirmed,,0.0
2023-05-05 15:10,Canceled,,0.0
2023-05-09 13:30,Confirmed,,30.0
2023-05-12 09:20,Confirmed,,15.0
2023-05-12 09:40,Confirmed,,20.0
2023-05-12 10:00,Confirmed,,25.0
2023-05-12 10:30,Confirmed,,14.02
2023-05-12 11:00,Confirmed,,15.0
2023-05-12 11:30,Confirmed,,207.61
2023-05-12 12:00,Canceled,,0.0
2023-05-12 12:15,Confirmed,,150.0
2023-05-12 13:50,Canceled,,0.0
2023-05-15 13:40,Confirmed,,0.0
2023-05-15 14:00,Confirmed,,150.0
2023-05-15 14:20,Confirmed,,40.0
2023-05-15 14:30,Confirmed,,0.0
2023-05-15 14:45,Confirmed,,40.0
2023-05-15 15:00,Confirmed,,20.0
2023-05-23 09:40,Confirmed,,5.0
2023-05-23 14:40,Confirmed,,30.0
2023-05-23 15:00,Confirmed,,195.0
2023-05-23 15:20,Missed,,0.0
2023-05-23 15:30,Confirmed,,150.0
2023-05-23 15:40,Confirmed,,25.0
2023-05-23 16:00,Confirmed,,50.0
2023-05-23 16:15,Confirmed,,145.65
2023-05-24 09:40,Confirmed,,20.0
2023-05-24 13:50,Confirmed,,20.0
2023-05-24 14:10,Confirmed,,0.0
2023-05-24 14:30,Confirmed,,10.0
2023-05-24 14:50,Confirmed,,30.0
2023-05-24 15:10,Confirmed,,30.0
2023-05-24 15:30,Confirmed,,10.0
2023-05-24 15:50,Confirmed,,10.0
2023-05-25 09:00,Confirmed,,150.0
2023-05-25 13:30,Confirmed,,15.0
2023-05-25 13:50,Canceled,,0.0
2023-05-26 10:00,Canceled,,0.0
2023-05-26 10:00,Confirmed,,5.0
2023-05-26 10:40,Confirmed,,20.0
2023-05-26 11:00,Confirmed,,195.0
2023-05-26 11:15,Confirmed,,0.0
2023-05-26 11:30,Confirmed,,15.0
2023-05-26 11:45,Canceled,,0.0
2023-05-26 12:00,Confirmed,,20.0
2023-05-26 12:15,Confirmed,,150.0
2023-05-26 12:30,Confirmed,,10.0
2023-05-26 12:45,Confirmed,,10.0
2023-05-26 13:05,Confirmed,,183.65
2023-05-26 13:55,Canceled,,0.0
2023-05-26 13:55,Canceled,,0.0
2023-05-30 13:15,Confirmed,,175.0
2023-05-30 13:30,Confirmed,,0.0
2023-05-30 13:50,Confirmed,,25.0
2023-05-30 14:30,Confirmed,,30.0
2023-05-30 14:50,Confirmed,,90.0
2023-05-30 15:10,Confirmed,,5.0
2023-05-31 09:40,Confirmed,,20.0
2023-06-01 11:45,Confirmed,,14.02
2023-06-01 12:00,Canceled,,0.0
2023-06-01 12:00,Confirmed,,25.0
2023-06-01 12:20,Confirmed,,15.0
2023-06-01 12:40,Confirmed,,0.0
2023-06-01 13:00,Confirmed,,15.0
2023-06-01 13:30,Confirmed,,90.0
2023-06-02 10:00,Canceled,,0.0
2023-06-05 11:00,Confirmed,,28.02
2023-06-05 11:30,Confirmed,,40.0
2023-06-05 13:00,Confirmed,,20.0
2023-06-05 13:10,Confirmed,,20.0
2023-06-05 13:30,Confirmed,,30.0
2023-06-05 14:10,Confirmed,,17.24
2023-06-07 08:30,Confirmed,,18.37
2023-06-07 09:40,Canceled,,0.0
2023-06-07 11:25,Confirmed,,15.0
2023-06-07 13:10,Confirmed,,0.0
2023-06-07 13:30,Confirmed,,25.0
2023-06-07 13:50,Confirmed,,5.0
2023-06-07 14:10,Confirmed,,41.52
2023-06-09 12:15,Canceled,,0.0
2023-06-12 09:40,Confirmed,,20.0
2023-06-12 12:55,Confirmed,,5.0
2023-06-12 13:10,Confirmed,,40.0
2023-06-12 13:30,Confirmed,,25.0
2023-06-12 13:50,Confirmed,,30.0
2023-06-14 09:50,Confirmed,,40.0
2023-06-14 10:30,Confirmed,,150.0
2023-06-14 12:15,Canceled,2023-06-13 18:28,0.0
2023-06-15 09:00,Confirmed,,5.0
2023-06-15 09:15,Confirmed,,195.0
2023-06-15 12:30,Confirmed,,15.0
2023-06-19 09:00,Confirmed,,0.0
2023-06-19 13:30,Canceled,2023-06-18 14:36,0.0
2023-06-20 12:50,Confirmed,,14.02
2023-06-20 13:10,Canceled,2023-06-19 18:54,0.0
2023-06-20 13:25,Confirmed,,15.0
2023-06-20 14:10,Confirmed,,0.0
2023-06-21 11:40,Confirmed,,40.0
2023-06-21 13:10,Confirmed,,25.0
2023-06-21 13:30,Confirmed,,14.02
2023-06-21 13:50,Confirmed,,195.0
2023-06-21 14:15,Confirmed,,170.0
2023-06-22 12:30,Confirmed,,20.0
2023-06-26 09:30,Confirmed,,10.0
2023-06-26 09:40,Confirmed,,150.0
2023-06-26 12:40,Confirmed,,30.0
2023-06-26 13:00,Confirmed,,50.0
2023-06-26 13:15,Confirmed,,10.0
2023-06-26 13:30,Confirmed,,10.0
2023-06-26 13:50,Confirmed,,15.0
2023-06-26 14:10,Confirmed,,195.0
2023-06-27 09:40,Confirmed,,0.0
2023-06-27 12:30,Confirmed,,0.0
2023-06-27 12:45,Confirmed,,0.0
2023-06-27 13:00,Canceled,2023-06-26 11:46,0.0
2023-06-28 09:30,Confirmed,,20.0
2023-06-28 12:40,Confirmed,,20.0
2023-06-28 13:00,Confirmed,,0.0
2023-06-28 13:15,Confirmed,,15.0
2023-06-28 13:30,Confirmed,,5.0
2023-06-29 09:30,Confirmed,,25.0
2023-06-29 09:45,Confirmed,,30.0
2023-06-29 10:20,Confirmed,,0.0
2023-06-29 10:40,Canceled,2023-06-25 13:33,0.0
2023-06-29 12:15,Canceled,2023-06-26 13:27,0.0
2023-06-30 10:30,Confirmed,,150.0
2023-07-03 12:30,Confirmed,,90.0
2023-07-03 12:45,Confirmed,,252.02
2023-07-03 13:30,Confirmed,,395.0
2023-07-05 13:00,Confirmed,,20.0
2023-07-05 13:15,Confirmed,,0.0
2023-07-05 13:40,Confirmed,,25.0
2023-07-05 14:00,Confirmed,,15.0
2023-07-05 14:15,Confirmed,,25.0
2023-07-10 12:30,Confirmed,,14.02
2023-07-10 12:50,Confirmed,,20.0
2023-07-10 13:10,Canceled,2023-06-28 02:39,0.0
2023-07-10 13:30,Confirmed,,150.0
2023-07-10 13:50,Canceled,2023-07-10 13:36,0.0
2023-07-11 12:40,Confirmed,,10.0
2023-07-11 12:50,Confirmed,,40.0
2023-07-12 12:30,Confirmed,,30.0
2023-07-12 12:50,Canceled,2023-07-11 09:18,0.0
2023-07-12 13:30,Canceled,2023-07-12 11:34,0.0
2023-07-12 14:15,Canceled,2023-07-12 12:42,0.0
2023-07-17 12:30,Confirmed,,15.0
2023-07-17 12:40,Confirmed,,40.0
2023-07-17 13:00,Confirmed,,25.0
2023-07-17 13:15,Confirmed,,30.0
2023-07-17 13:30,Confirmed,,15.0
2023-07-17 14:15,Confirmed,,20.0
2023-07-17 14:30,Confirmed,,20.0
2023-07-18 09:40,Confirmed,,15.0
2023-07-18 09:50,Confirmed,,17.24
2023-07-19 09:00,Confirmed,,20.0
2023-07-19 10:30,Confirmed,,195.0
2023-07-20 09:40,Confirmed,,14.02
2023-07-20 12:10,Canceled,2023-07-20 12:05,0.0
2023-07-20 12:20,Canceled,2023-07-17 14:31,0.0
2023-07-20 12:30,Missed,,0.0
2023-07-24 12:25,Confirmed,,15.0
2023-07-24 12:40,Missed,,0.0
2023-07-24 13:00,Confirmed,,145.65
2023-07-24 13:00,Confirmed,,20.0
2023-07-24 13:20,Confirmed,,10.0
2023-07-24 13:40,Confirmed,,191.17
2023-07-25 12:45,Canceled,2023-07-24 07:17,0.0
2023-07-25 13:00,Confirmed,,30.0
2023-07-25 13:10,Confirmed,,50.0
2023-07-25 13:30,Confirmed,,10.0
2023-07-25 14:00,Confirmed,,20.0
2023-07-26 09:40,Confirmed,,25.0
2023-07-26 12:20,Confirmed,,25.0
2023-07-26 12:40,Confirmed,,30.0
2023-07-26 13:00,Confirmed,,90.0
2023-07-26 13:20,Canceled,2023-07-19 09:28,0.0
2023-07-31 09:45,Confirmed,,0.0
2023-07-31 12:30,Confirmed,,20.0
2023-07-31 12:45,Confirmed,,0.0
2023-07-31 13:00,Confirmed,,5.0
2023-07-31 13:20,Confirmed,,15.0
2023-08-01 09:40,Confirmed,,25.0
2023-08-01 12:45,Confirmed,,0.0
2023-08-01 13:00,Canceled,2023-07-23 18:18,0.0
2023-08-02 13:30,Confirmed,,195.0
2023-08-03 13:00,Confirmed,,195.0
2023-08-03 13:20,Confirmed,,20.0
2023-08-04 13:00,Missed,,0.0
2023-08-04 14:45,Confirmed,,195.0
2023-08-07 09:40,Canceled,2023-07-31 15:53,0.0
2023-08-07 13:20,Canceled,2023-08-07 13:26,0.0
2023-08-07 13:30,Canceled,2023-08-03 12:09,0.0
2023-08-07 13:35,Canceled,2023-08-07 11:58,0.0
2023-08-07 14:20,Canceled,2023-08-06 10:09,0.0
2023-08-08 13:20,Canceled,2023-08-08 16:14,0.0
2023-08-09 09:45,Confirmed,,15.0
2023-08-09 12:15,Canceled,2023-08-08 16:15,0.0
2023-08-09 13:00,Canceled,2023-08-08 11:42,0.0
2023-08-09 13:20,Canceled,2023-08-09 10:35,0.0
2023-08-09 13:35,Confirmed,,40.0
2023-08-14 09:40,Confirmed,,30.0
2023-08-14 12:00,Confirmed,,150.0
2023-08-14 12:40,Confirmed,,25.0
2023-08-14 13:00,Confirmed,,25.0
2023-08-14 13:20,Confirmed,,90.0
2023-08-15 09:40,Confirmed,,40.0
2023-08-15 13:00,Canceled,2023-08-15 11:50,0.0
2023-08-16 10:00,Canceled,2023-08-16 11:23,0.0
2023-08-16 13:00,Confirmed,,0.0
2023-08-16 15:00,Confirmed,,195.0
2023-08-17 13:00,Confirmed,,10.0
2023-08-17 13:15,Confirmed,,17.24
2023-08-17 13:30,Confirmed,,40.0
2023-08-18 12:35,Confirmed,,150.0
2023-08-21 09:40,Canceled,2023-08-21 08:50,0.0
2023-08-22 12:45,Confirmed,,25.0
2023-08-22 13:00,Confirmed,,15.77
2023-08-22 13:15,Confirmed,,30.0
2023-08-23 09:40,Confirmed,,14.02
2023-08-23 13:10,Confirmed,,0.0
2023-08-23 13:30,Confirmed,,15.0
2023-08-23 13:40,Confirmed,,0.0
2023-08-23 13:50,Confirmed,,15.0
2023-08-28 09:40,Confirmed,,0.0
2023-08-28 12:30,Confirmed,,191.17
2023-08-28 13:00,Confirmed,,30.0
2023-08-28 13:15,Missed,,0.0
2023-08-28 13:30,Confirmed,,20.0
2023-08-29 09:45,Confirmed,,195.0
2023-08-29 09:50,Canceled,2023-08-27 23:39,0.0
2023-08-29 13:00,Confirmed,,10.0
2023-08-29 13:15,Missed,,0.0
2023-08-29 13:30,Confirmed,,5.0
2023-08-30 12:30,Confirmed,,0.0
2023-09-01 11:45,Confirmed,,20.0
2023-09-01 12:00,Confirmed,,25.0
2023-09-01 12:20,Missed,,0.0
2023-09-05 09:45,Confirmed,,172.3
2023-09-05 12:45,Canceled,2023-09-05 13:19,0.0
2023-09-06 09:50,Confirmed,,195.0
2023-09-06 12:30,Confirmed,,28.02
2023-09-06 12:45,Confirmed,,0.0
2023-09-06 13:00,Confirmed,,14.02
2023-09-06 13:20,Confirmed,,0.0
2023-09-06 13:40,Confirmed,,150.0
2023-09-06 15:00,Confirmed,,15.0
2023-09-07 10:30,Confirmed,,0.0
2023-09-07 10:45,Confirmed,,10.0
2023-09-07 13:30,Confirmed,,195.0
2023-09-11 12:30,Confirmed,,20.0
2023-09-11 12:40,Confirmed,,25.0
2023-09-11 13:00,Confirmed,,50.0
2023-09-12 12:45,Confirmed,,40.0
2023-09-12 13:00,Canceled,2023-09-11 07:19,0.0
2023-09-14 13:00,Confirmed,,395.0
2023-09-15 14:00,Confirmed,,150.0
2023-09-18 12:45,Confirmed,,40.0
2023-09-18 13:00,Confirmed,,10.0
2023-09-18 14:00,Confirmed,,15.0
2023-09-18 14:20,Confirmed,,30.0
2023-09-19 09:40,Confirmed,,0.0
2023-09-19 13:00,Confirmed,,220.0
2023-09-20 09:45,Confirmed,,0.0
2023-09-20 11:30,Confirmed,,195.0
2023-09-20 12:45,Confirmed,,14.02
2023-09-20 13:00,Confirmed,,25.0
2023-09-20 13:15,Confirmed,,195.0
2023-09-20 15:15,Confirmed,,20.0
2023-09-25 09:45,Confirmed,,140.12
2023-09-25 12:45,Confirmed,,17.24
2023-09-25 13:00,Canceled,2023-09-24 09:41,0.0
2023-09-25 13:15,Confirmed,,0.0
2023-09-25 13:30,Confirmed,,10.0
2023-09-25 13:40,Confirmed,,10.0
2023-09-26 12:50,Confirmed,,0.0
2023-09-26 13:00,Confirmed,,0.0
2023-09-26 13:20,Confirmed,,42.04
2023-09-26 13:35,Confirmed,,30.0
2023-09-27 12:30,Confirmed,,30.0
2023-09-29 09:30,Confirmed,,20.0
2023-09-29 12:00,Confirmed,,150.0
2023-10-02 09:15,Confirmed,,25.0
2023-10-02 12:30,Confirmed,,25.0
2023-10-02 12:45,Confirmed,,5.0
2023-10-02 13:00,Confirmed,,0.0
2023-10-02 13:15,Confirmed,,15.0
2023-10-03 12:30,Confirmed,,0.0
2023-10-03 12:45,Confirmed,,30.0
2023-10-04 13:00,Confirmed,,15.0
2023-10-04 15:30,Confirmed,,20.0
2023-10-06 11:30,Confirmed,,195.0
2023-10-09 09:45,Canceled,2023-10-09 07:09,0.0
2023-10-09 12:30,Confirmed,,0.0
2023-10-09 12:45,Confirmed,,195.0
2023-10-10 13:00,Confirmed,,195.0
2023-10-11 13:05,Confirmed,,50.0
2023-10-12 01:20,Confirmed,,40.0
2023-10-12 12:45,Confirmed,,25.0
2023-10-16 09:30,Confirmed,,150.0
2023-10-16 09:40,Confirmed,,20.0
2023-10-16 12:30,Confirmed,,0.0
2023-10-16 12:40,Confirmed,,150.0
2023-10-16 13:20,Missed,,0.0
2023-10-16 13:30,Confirmed,,10.0
2023-10-16 13:45,Confirmed,,195.0
2023-10-17 09:45,Confirmed,,0.0
2023-10-17 11:45,Confirmed,,10.0
2023-10-17 13:00,Confirmed,,0.0
2023-10-17 13:35,Confirmed,,25.0
2023-10-18 09:30,Confirmed,,0.0
2023-10-18 09:45,Confirmed,,0.0
2023-10-18 12:15,Confirmed,,20.0
2023-10-18 12:30,Confirmed,,0.0
2023-10-18 12:45,Confirmed,,0.0
2023-10-18 13:00,Confirmed,,14.02
2023-10-18 13:20,Confirmed,,195.0
2023-10-18 13:40,Canceled,2023-10-16 21:23,0.0
2023-10-23 09:45,Confirmed,,20.0
2023-10-23 10:00,Confirmed,,0.0
2023-10-23 12:30,Canceled,2023-09-25 10:59,0.0
2023-10-23 12:55,Confirmed,,17.24
2023-10-24 13:00,Confirmed,,0.0
2023-10-24 13:15,Confirmed,,0.0
2023-10-25 09:45,Canceled,2023-10-24 14:07,0.0
2023-10-25 12:45,Confirmed,,0.0
2023-10-26 09:45,Confirmed,,30.0
2023-10-30 09:30,Confirmed,,20.0
2023-10-30 11:00,Confirmed,,40.0
2023-10-31 09:45,Canceled,2023-10-31 09:55,0.0
2023-11-06 10:00,Confirmed,,25.0
2023-11-06 11:00,Confirmed,,150.0
2023-11-09 12:30,Confirmed,,150.0
2023-11-09 12:45,Confirmed,,19.12
2023-11-09 13:00,Confirmed,,195.0
2023-11-09 13:25,Confirmed,,30.0
2023-11-13 12:30,Confirmed,,15.0
2023-11-13 12:45,Confirmed,,0.0
2023-11-13 13:05,Confirmed,,25.0
2023-11-13 15:00,Confirmed,,195.0
2023-11-14 12:00,Confirmed,,10.0
2023-11-14 12:15,Confirmed,,25.0
2023-11-15 09:40,Confirmed,,0.0
2023-11-15 09:45,Confirmed,,10.0
2023-11-15 12:30,Confirmed,,15.0
2023-11-15 12:45,Canceled,2023-11-06 10:48,0.0
2023-11-20 09:40,Confirmed,,195.0
2023-11-20 12:30,Confirmed,,90.0
2023-11-20 12:45,Confirmed,,10.0
2023-11-20 13:00,Confirmed,,30.0
2023-11-20 13:15,Confirmed,,195.0
2023-11-20 13:30,Missed,,0.0
2023-11-20 13:45,Canceled,2023-11-14 08:08,0.0
2023-11-20 14:05,Confirmed,,195.0
2023-11-20 14:30,Confirmed,,15.0
2023-11-21 09:45,Confirmed,,14.02
2023-11-21 13:00,Confirmed,,20.0
2023-11-21 13:15,Confirmed,,30.0
2023-11-21 13:25,Canceled,2023-10-24 14:08,0.0
2023-11-21 13:30,Confirmed,,30.0
2023-11-21 13:45,Confirmed,,0.0
2023-11-22 12:30,Confirmed,,25.0
2023-11-27 09:40,Missed,,0.0
2023-11-27 09:50,Confirmed,,20.0
2023-11-27 10:00,Confirmed,,20.0
2023-11-27 14:30,Confirmed,,0.0
2023-11-28 13:00,Confirmed,,10.0
2023-11-28 13:15,Confirmed,,30.0
2023-11-29 13:00,Confirmed,,0.0
2023-11-30 16:00,Confirmed,,395.0
2023-12-04 11:45,Confirmed,,25.0
2023-12-04 12:00,Confirmed,,28.02
2023-12-04 12:15,Confirmed,,0.0
2023-12-04 12:30,Confirmed,,15.0
2023-12-05 09:40,Confirmed,,195.0
2023-12-05 13:15,Confirmed,,250.0
2023-12-06 12:30,Canceled,2023-11-29 17:22,0.0
2023-12-07 13:00,Confirmed,,172.3
2023-12-07 13:20,Confirmed,,15.0
2023-12-07 13:40,Confirmed,,10.0
2023-12-11 12:15,Confirmed,,0.0
2023-12-11 12:30,Confirmed,,30.0
2023-12-11 12:45,Confirmed,,19.12
2023-12-11 13:05,Confirmed,,195.0
2023-12-12 13:00,Missed,,0.0
2023-12-12 16:30,Confirmed,,150.0
2023-12-13 12:00,Confirmed,,10.0
2023-12-18 10:00,Canceled,2023-10-18 12:35,0.0
2023-12-18 13:00,Confirmed,,0.0
2023-12-18 13:20,Confirmed,,30.0
2023-12-19 09:45,Confirmed,,0.0
2023-12-19 13:00,Confirmed,,40.0
2023-12-19 13:15,Confirmed,,10.0
2023-12-19 13:30,Confirmed,,25.0
2023-12-19 13:50,Confirmed,,195.0
2023-12-19 14:10,Confirmed,,25.0
2023-12-20 10:00,Confirmed,,40.0
2023-12-20 12:30,Confirmed,,20.0
2023-12-20 12:45,Confirmed,,30.0
2023-12-20 13:00,Confirmed,,20.0
2023-12-22 11:00,Canceled,2023-12-22 09:55,0.0
2023-12-22 14:00,Confirmed,,150.0
2023-12-28 11:00,Confirmed,,20.0
2023-12-28 13:00,Confirmed,,250.0
2023-12-29 14:00,Confirmed,,90.0
2024-01-02 12:45,Confirmed,,20.0
2024-01-02 14:00,Confirmed,,0.0
2024-01-02 14:20,Confirmed,,30.0
2024-01-02 15:15,Confirmed,,50.0
2024-01-03 12:15,Canceled,2024-01-02 07:07,0.0
2024-01-04 13:00,Confirmed,,0.0
2024-01-04 13:15,Confirmed,,140.12
2024-01-04 13:30,Confirmed,,0.0
2024-01-04 13:50,Confirmed,,195.0
2024-01-05 12:30,Confirmed,,0.0
2024-01-08 12:30,Confirmed,,0.0
2024-01-08 12:45,Confirmed,,0.0
2024-01-09 09:45,Missed,,0.0
2024-01-09 13:00,Confirmed,,150.0
2024-01-09 13:15,Confirmed,,172.3
2024-01-09 13:40,Confirmed,,0.0
2024-01-09 14:00,Confirmed,,50.0
2024-01-17 13:30,Confirmed,,0.0
2024-01-18 13:00,Confirmed,,35.0
2024-01-18 13:20,Confirmed,,30.0
2024-01-18 13:40,Confirmed,,0.0
2024-01-22 13:00,Confirmed,,0.0
2024-01-22 13:15,Confirmed,,0.0
2024-01-22 13:30,Canceled,2024-01-22 12:17,0.0
2024-01-22 13:50,Confirmed,,14.02
2024-01-23 13:00,Confirmed,,0.0
2024-01-23 13:15,Confirmed,,0.0
2024-01-23 13:35,Confirmed,,191.17
2024-01-23 13:35,Canceled,2024-01-21 16:46,0.0
2024-01-24 14:00,Confirmed,,150.0
2024-01-29 10:15,Confirmed,,0.0
2024-01-30 13:00,Confirmed,,0.0
2024-01-30 13:15,Confirmed,,0.0
2024-01-31 13:50,Confirmed,,25.0
2024-02-01 13:30,Confirmed,,0.0
2024-02-05 13:00,Confirmed,,10.0
2024-02-05 13:15,Canceled,2024-02-05 13:26,0.0
2024-02-05 13:30,Confirmed,,0.0
2024-02-06 10:45,Confirmed,,150.0
2024-02-06 13:30,Confirmed,,0.0
2024-02-06 13:45,Confirmed,,140.12
2024-02-06 14:30,Confirmed,,195.0
2024-02-06 14:45,Confirmed,,195.0
2024-02-06 15:00,Confirmed,,30.0
2024-02-07 12:30,Confirmed,,0.0
2024-02-07 13:30,Confirmed,,195.0
2024-02-07 13:50,Confirmed,,0.0
2024-02-07 14:10,Canceled,2024-02-01 13:25,0.0
2024-02-12 09:40,Confirmed,,195.0
2024-02-12 12:45,Confirmed,,0.0
2024-02-12 13:15,Confirmed,,195.0
2024-02-12 13:40,Canceled,2024-02-01 13:23,0.0
2024-02-12 13:45,Canceled,2024-02-12 06:57,0.0
2024-02-12 14:00,Canceled,2024-01-23 13:38,0.0
2024-02-12 14:00,Confirmed,,0.0
2024-02-14 10:15,Confirmed,,25.0
2024-02-19 12:00,Confirmed,,150.0
2024-02-19 12:45,Confirmed,,0.0
2024-02-19 13:10,Confirmed,,35.0
2024-02-19 13:35,Confirmed,,30.0
2024-02-20 12:45,Confirmed,,0.0
2024-02-20 13:00,Confirmed,,0.0
2024-02-20 13:15,Confirmed,,0.0
2024-02-21 13:15,Confirmed,,0.0
2024-02-21 13:30,Confirmed,,0.0
2024-02-26 11:15,Confirmed,,0.0
2024-02-26 13:00,Confirmed,,0.0
2024-02-26 13:30,Confirmed,,0.0
2024-02-26 13:50,Canceled,2024-02-25 09:16,0.0
2024-02-27 11:00,Confirmed,,150.0
2024-02-28 10:15,Confirmed,,0.0
2024-03-04 10:15,Confirmed,,150.0
2024-03-04 12:45,Confirmed,,30.0
2024-03-04 13:00,Confirmed,,0.0
2024-03-04 13:20,Confirmed,,0.0
2024-03-04 13:40,Confirmed,,0.0
2024-03-04 14:00,Confirmed,,0.0
2024-03-04 14:20,Confirmed,,20.0
2024-03-06 12:00,Confirmed,,0.0
2024-03-06 12:30,Confirmed,,0.0
2024-03-06 13:30,Confirmed,,0.0
2024-03-06 13:50,Confirmed,,0.0
2024-03-06 14:10,Missed,,0.0
2024-03-06 14:30,Confirmed,,195.0
2024-03-07 14:15,Confirmed,,80.89
2024-03-11 09:00,Missed,,0.0
2024-03-11 13:30,Canceled,2024-03-04 12:11,0.0
2024-03-11 13:50,Confirmed,,0.0
2024-03-13 12:30,Confirmed,,195.0
2024-03-13 12:50,Confirmed,,195.0
2024-03-18 10:00,Confirmed,,150.0
2024-03-18 13:15,Confirmed,,195.0
2024-03-18 13:30,Confirmed,,0.0
2024-03-18 13:50,Confirmed,,195.0
2024-03-18 14:10,Confirmed,,0.0
2024-03-18 14:30,Confirmed,,0.0
2024-03-18 14:50,Confirmed,,0.0
2024-03-18 15:15,Confirmed,,150.0
2024-03-20 10:30,Confirmed,,0.0
2024-03-20 13:10,Confirmed,,0.0
2024-03-20 13:20,Confirmed,,0.0
2024-03-20 14:05,Confirmed,,0.0
2024-03-20 14:40,Confirmed,,0.0
2024-03-25 13:00,Canceled,2024-03-24 15:53,0.0
2024-03-25 13:15,Confirmed,,0.0
2024-03-25 13:30,Confirmed,,0.0
2024-03-26 12:30,Confirmed,,0.0
2024-03-26 13:00,Confirmed,,0.0
2024-03-27 11:00,Confirmed,,0.0
2024-03-27 13:15,Canceled,2024-03-26 14:53,0.0
2024-03-28 17:00,Confirmed,,0.0
2024-04-01 09:50,Confirmed,,0.0
2024-04-01 13:30,Confirmed,,0.0
2024-04-03 10:30,Confirmed,,0.0
2024-04-08 10:45,Confirmed,,0.0
2024-04-08 13:15,Canceled,2024-04-05 11:05,0.0
2024-04-08 13:15,Confirmed,,0.0
2024-04-08 13:35,Confirmed,,0.0
2024-04-08 13:50,Confirmed,,20.0
2024-04-08 14:10,Canceled,2024-04-03 11:08,0.0
2024-04-08 14:30,Confirmed,,195.0
2024-04-08 17:00,Confirmed,,0.0
2024-04-09 10:00,Confirmed,,0.0
2024-04-09 10:20,Confirmed,,0.0
2024-04-09 10:30,Confirmed,,0.0
2024-04-09 13:00,Confirmed,,0.0
2024-04-09 15:30,Confirmed,,150.0
2024-04-10 12:15,Confirmed,,0.0
2024-04-10 12:50,Missed,,0.0
2024-04-10 13:10,Canceled,2024-04-03 10:26,0.0
2024-04-10 13:30,Confirmed,,0.0
2024-04-15 10:30,Confirmed,,0.0
2024-04-15 12:45,Confirmed,,0.0
2024-04-15 13:10,Confirmed,,0.0
2024-04-15 13:30,Confirmed,,0.0
2024-04-15 13:45,Confirmed,,0.0
2024-04-17 13:00,Confirmed,,0.0
2024-04-26 11:00,Confirmed,,0.0
2024-04-26 11:15,Confirmed,,150.0
2024-04-26 11:20,Confirmed,,0.0
2024-04-26 11:40,Confirmed,,0.0
2024-04-26 12:15,Confirmed,,0.0
2024-04-26 12:20,Confirmed,,0.0
2024-04-26 12:30,Missed,,0.0
2024-04-26 12:40,Canceled,2024-04-26 03:27,0.0
2024-04-26 18:00,Confirmed,,0.0
2024-04-29 10:00,Confirmed,,150.0
2024-04-29 13:00,Confirmed,,0.0
2024-04-29 17:00,Confirmed,,0.0
2024-04-30 10:15,Confirmed,,0.0
2024-04-30 13:00,Confirmed,,150.0
2024-05-01 13:00,Confirmed,,195.0
2024-05-01 14:00,Confirmed,,0.0
2024-05-04 12:30,Confirmed,,150.0
2024-05-06 10:00,Confirmed,,195.0
2024-05-06 12:45,Confirmed,,0.0
2024-05-06 13:20,Confirmed,,195.0
2024-05-07 14:00,Confirmed,,0.0
2024-05-08 11:15,Confirmed,,0.0
2024-05-08 12:45,Confirmed,,0.0
2024-05-13 12:30,Confirmed,,0.0
2024-05-13 12:40,Confirmed,,0.0
2024-05-13 13:00,Confirmed,,195.0
2024-05-13 13:20,Confirmed,,0.0
2024-05-13 13:30,Confirmed,,0.0
2024-05-13 13:45,Confirmed,,0.0
2024-05-14 15:00,Confirmed,,150.0
2024-05-15 12:45,Confirmed,,0.0
2024-05-15 13:00,Confirmed,,0.0
2024-05-15 13:20,Confirmed,,0.0
2024-05-15 13:40,Confirmed,,0.0
2024-05-16 11:05,Confirmed,,0.0
2024-05-20 12:15,Confirmed,,0.0
2024-05-20 12:45,Missed,,0.0
2024-05-20 13:00,Confirmed,,0.0
2024-05-20 13:20,Confirmed,,0.0
2024-05-20 13:45,Confirmed,,0.0
2024-05-21 14:00,Confirmed,,0.0
2024-05-22 12:30,Confirmed,,0.0
2024-05-29 09:45,Confirmed,,0.0
2024-05-29 13:00,Canceled,2024-05-28 11:56,0.0
2024-05-29 13:20,Canceled,2024-05-28 11:56,0.0
2024-05-29 16:00,Confirmed,,0.0
2024-05-30 12:45,Missed,,0.0
2024-05-30 13:20,Confirmed,,0.0
2024-05-30 13:30,Confirmed,,0.0
2024-06-03 10:30,Confirmed,,0.0
2024-06-03 12:00,Confirmed,,0.0
2024-06-03 12:50,Confirmed,,150.0
2024-06-03 13:10,Confirmed,,0.0
2024-06-03 13:20,Confirmed,,0.0
2024-06-03 13:30,Confirmed,,0.0
2024-06-04 11:00,Confirmed,,0.0
2024-06-04 14:40,Confirmed,,150.0
2024-06-05 12:45,Confirmed,,195.0
2024-06-10 11:30,Confirmed,,0.0
2024-06-10 13:00,Confirmed,,0.0
2024-06-11 11:00,Confirmed,,0.0
2024-06-11 13:00,Confirmed,,150.0
2024-06-11 14:00,Confirmed,,0.0
2024-06-12 09:15,Canceled,2024-06-12 11:51,0.0
2024-06-12 12:00,Confirmed,,0.0
2024-06-12 13:00,Confirmed,,0.0
2024-06-12 13:20,Missed,,50.0
2024-06-12 13:20,Confirmed,,0.0
2024-06-12 13:35,Confirmed,,0.0
2024-06-13 09:15,Canceled,2024-06-12 13:25,0.0
2024-06-13 09:30,Confirmed,,0.0
2024-06-13 10:30,Confirmed,,0.0
2024-06-17 09:30,Confirmed,,0.0
2024-06-17 12:30,Canceled,2024-06-06 09:40,0.0
2024-06-17 12:45,Confirmed,,0.0
2024-06-17 13:00,Canceled,2024-06-16 21:59,0.0
2024-06-18 09:45,Confirmed,,0.0
2024-06-18 12:00,Confirmed,,0.0
2024-06-19 09:50,Confirmed,,0.0
2024-06-19 12:15,Confirmed,,0.0
2024-06-19 12:30,Confirmed,,0.0
2024-06-19 12:45,Confirmed,,0.0
2024-06-24 18:00,Canceled,2024-06-22 13:01,0.0
2024-06-25 09:30,Canceled,2024-06-25 09:57,0.0
2024-06-25 09:50,Confirmed,,0.0
2024-06-25 11:10,Confirmed,,0.0
2024-06-26 09:15,Confirmed,,0.0
2024-06-26 09:45,Confirmed,,195.0
2024-06-26 10:00,Confirmed,,0.0
2024-06-26 12:30,Canceled,2024-06-25 09:51,0.0
2024-06-26 16:00,Canceled,2024-07-01 10:13,0.0
2024-06-27 10:00,Confirmed,,0.0
2024-06-27 10:15,Canceled,2024-06-22 09:29,0.0
2024-07-01 10:30,Confirmed,,0.0
2024-07-01 10:45,Confirmed,,0.0
2024-07-01 11:00,Confirmed,,195.0
2024-07-02 09:45,Confirmed,,0.0
2024-07-08 10:10,Confirmed,,0.0
2024-07-08 10:30,Confirmed,,0.0
2024-07-09 09:40,Confirmed,,195.0
2024-07-09 12:00,Confirmed,,0.0
2024-07-09 12:45,Canceled,2024-07-02 18:52,0.0
2024-07-10 09:15,Confirmed,,0.0
2024-07-10 09:30,Confirmed,,0.0
2024-07-10 12:45,Canceled,2024-07-09 09:31,0.0
2024-07-10 13:00,Confirmed,,0.0
2024-07-11 10:15,Confirmed,,0.0
2024-07-11 10:30,Confirmed,,0.0
2024-07-15 11:40,Confirmed,,0.0
2024-07-15 12:00,Missed,,50.0
2024-07-15 12:00,Canceled,2024-07-14 11:30,0.0
2024-07-15 12:15,Confirmed,,195.0
2024-07-15 12:45,Confirmed,,150.0
2024-07-16 11:15,Confirmed,,0.0
2024-07-17 12:30,Confirmed,,0.0
2024-07-17 12:45,Confirmed,,0.0
2024-07-17 13:00,Confirmed,,0.0
2024-07-18 09:40,Confirmed,,150.0
2024-07-18 10:00,Confirmed,,0.0
2024-07-18 10:15,Confirmed,,0.0
2024-07-22 13:00,Confirmed,,0.0
2024-07-23 12:00,Confirmed,,0.0
2024-07-24 09:50,Confirmed,,0.0
2024-07-24 10:05,Confirmed,,0.0
2024-07-24 11:30,Confirmed,,0.0
2024-07-24 11:45,Confirmed,,0.0
2024-07-24 12:00,Confirmed,,40.0
2024-07-28 10:00,Confirmed,,0.0
2024-07-29 11:45,Missed,,0.0
2024-07-29 12:30,Confirmed,,0.0
2024-07-30 09:50,Canceled,2024-07-29 09:08,0.0
2024-07-30 09:50,Confirmed,,0.0
2024-07-31 10:15,Confirmed,,0.0
2024-08-01 14:15,Confirmed,,150.0
2024-08-05 09:30,Canceled,2024-07-24 15:29,0.0
2024-08-05 09:45,Confirmed,,0.0
2024-08-05 12:45,Canceled,2024-07-31 13:10,0.0
2024-08-05 13:00,Canceled,2024-07-01 10:55,0.0
2024-08-05 13:00,Confirmed,,0.0
2024-08-06 09:30,Confirmed,,0.0
2024-08-06 09:45,Confirmed,,195.0
2024-08-06 10:00,Confirmed,,0.0
2024-08-06 12:30,Confirmed,,150.0
2024-08-06 13:00,Confirmed,,0.0
2024-08-06 13:20,Confirmed,,195.0
2024-08-06 14:00,Confirmed,,195.0
2024-08-07 09:45,Confirmed,,0.0
2024-08-07 10:00,Confirmed,,0.0
2024-08-07 10:15,Confirmed,,0.0
2024-08-08 10:00,Confirmed,,195.0
2024-08-12 09:00,Confirmed,,0.0
2024-08-12 12:45,Confirmed,,0.0
2024-08-12 13:15,Confirmed,,0.0
2024-08-12 13:45,Confirmed,,0.0
2024-08-13 10:00,Confirmed,,0.0
2024-08-13 11:00,Confirmed,,0.0
2024-08-15 10:00,Confirmed,,0.0
2024-08-15 10:30,Confirmed,,0.0
2024-08-15 11:45,Canceled,2024-08-21 14:15,0.0
2024-08-16 13:00,Confirmed,,0.0
2024-08-19 09:00,Confirmed,,0.0
2024-08-19 10:00,Confirmed,,0.0
2024-08-19 10:25,Confirmed,,0.0
2024-08-21 10:15,Confirmed,,0.0
2024-08-26 09:45,Confirmed,,0.0
2024-08-26 10:30,Confirmed,,0.0
2024-08-26 12:00,Canceled,2024-08-26 12:42,0.0
2024-08-26 12:30,Confirmed,,150.0
2024-08-27 09:45,Confirmed,,0.0
2024-08-27 10:15,Confirmed,,0.0
2024-08-27 11:00,Confirmed,,0.0
2024-08-27 12:00,Confirmed,,0.0
2024-08-27 13:00,Confirmed,,0.0
2024-08-28 10:10,Confirmed,,0.0
2024-08-28 10:35,Confirmed,,0.0
2024-08-28 11:00,Confirmed,,0.0
2024-09-03 13:00,Confirmed,,0.0
2024-09-04 09:00,Confirmed,,0.0
2024-09-04 12:00,Confirmed,,0.0
2024-09-05 10:00,Confirmed,,195.0
2024-09-05 10:15,Confirmed,,0.0
2024-09-05 11:30,Confirmed,,0.0
2024-09-09 10:10,Confirmed,,195.0
2024-09-09 10:30,Confirmed,,0.0
2024-09-09 10:40,Confirmed,,150.0
2024-09-10 10:00,Confirmed,,0.0
2024-09-12 10:00,Canceled,2024-09-11 14:10,0.0
2024-09-12 12:15,Confirmed,,0.0
2024-09-12 12:40,Confirmed,,0.0
2024-09-12 13:05,Confirmed,,0.0
2024-09-16 11:40,Confirmed,,0.0
2024-09-16 12:00,Confirmed,,195.0
2024-09-17 09:45,Confirmed,,0.0
2024-09-17 10:00,Canceled,2024-09-16 09:22,0.0
2024-09-17 10:15,Confirmed,,0.0
2024-09-18 10:00,Missed,,0.0
2024-09-19 10:00,Confirmed,,0.0
2024-09-23 09:40,Confirmed,,0.0
2024-09-23 10:10,Confirmed,,0.0
2024-09-23 12:00,Confirmed,,0.0
2024-09-23 12:25,Confirmed,,0.0
2024-09-24 10:00,Canceled,2024-09-23 15:51,0.0
2024-09-24 10:20,Confirmed,,0.0
2024-09-25 10:00,Confirmed,,195.0
2024-09-25 10:15,Confirmed,,0.0
2024-09-26 09:40,Confirmed,,0.0
2024-09-26 10:05,Confirmed,,0.0
2024-09-26 10:35,Confirmed,,0.0
2024-09-26 11:00,Confirmed,,0.0
2024-09-30 10:15,Confirmed,,0.0
2024-09-30 12:30,Confirmed,,0.0
2024-10-01 12:20,Confirmed,,0.0
2024-10-02 09:40,Confirmed,,195.0
2024-10-02 10:00,Confirmed,,0.0
2024-10-03 12:30,Canceled,2024-10-01 14:29,0.0
2024-10-07 12:30,Confirmed,,0.0
2024-10-07 14:00,Confirmed,,0.0
2024-10-08 09:50,Confirmed,,0.0
2024-10-08 14:00,Confirmed,,0.0
2024-10-09 11:30,Confirmed,,150.0
2024-10-09 12:00,Confirmed,,195.0
2024-10-09 12:15,Confirmed,,0.0
2024-10-10 13:15,Confirmed,,150.0
2024-10-10 13:30,Confirmed,,0.0
2024-10-11 16:30,Confirmed,,0.0
2024-10-14 12:15,Confirmed,,0.0
2024-10-14 12:40,Confirmed,,0.0
2024-10-15 09:50,Confirmed,,0.0
2024-10-16 09:00,Confirmed,,0.0
2024-10-16 09:30,Confirmed,,0.0
2024-10-16 09:55,Confirmed,,0.0
2024-10-16 10:20,Confirmed,,0.0
2024-10-16 10:45,Confirmed,,195.0
2024-10-16 11:10,Confirmed,,0.0
2024-10-16 13:00,Confirmed,,0.0
2024-10-17 11:00,Confirmed,,0.0
2024-10-17 12:00,Confirmed,,0.0
2024-10-17 12:25,Confirmed,,0.0
2024-10-21 10:00,Confirmed,,195.0
2024-10-21 12:00,Canceled,2024-10-08 14:02,0.0
2024-10-22 09:40,Confirmed,,0.0
2024-10-23 16:00,Confirmed,,150.0
2024-10-24 09:40,Confirmed,,0.0
2024-10-24 10:05,Confirmed,,0.0
2024-10-28 10:00,Canceled,2024-10-26 17:54,0.0
2024-10-28 11:30,Confirmed,,0.0
2024-10-29 10:45,Canceled,2024-10-26 17:55,0.0
2024-10-29 11:30,Canceled,2024-10-28 10:51,0.0
2024-10-30 10:30,Confirmed,,0.0
2024-10-30 13:15,Missed,,0.0
2024-10-31 12:30,Confirmed,,195.0
2024-11-01 09:20,Confirmed,,0.0
2024-11-04 12:00,Confirmed,,0.0
2024-11-04 12:25,Confirmed,,0.0
2024-11-04 12:50,Confirmed,,0.0
2024-11-05 12:00,Confirmed,,0.0
2024-11-05 13:00,Confirmed,,0.0
2024-11-07 13:00,Confirmed,,195.0
2024-11-07 13:15,Confirmed,,0.0
2024-11-07 13:45,Confirmed,,0.0
2024-11-11 12:15,Confirmed,,0.0
2024-11-12 09:50,Confirmed,,0.0
2024-11-12 12:00,Confirmed,,0.0
2024-11-12 12:15,Confirmed,,195.0
2024-11-13 12:30,Confirmed,,0.0
2024-11-13 12:55,Confirmed,,0.0
2024-11-14 09:50,Confirmed,,0.0
2024-11-14 11:00,Confirmed,,0.0
2024-11-14 17:30,Confirmed,,0.0
2024-11-15 09:45,Confirmed,,150.0
2024-11-18 10:00,Confirmed,,150.0
2024-11-18 12:30,Confirmed,,0.0
2024-11-18 12:55,Confirmed,,0.0
2024-11-18 13:00,Canceled,2024-11-18 11:20,0.0
2024-11-18 13:20,Canceled,2024-11-17 09:11,0.0
2024-11-19 09:50,Confirmed,,0.0
2024-11-19 12:40,Canceled,2024-11-18 10:45,0.0
2024-11-19 13:00,Canceled,2024-10-31 13:38,0.0
2024-11-19 13:00,Confirmed,,0.0
2024-11-19 13:25,Confirmed,,0.0
2024-11-20 13:00,Confirmed,,0.0
2024-11-20 13:25,Confirmed,,0.0
2024-11-20 13:40,Confirmed,,195.0
2024-11-21 12:30,Confirmed,,0.0
2024-11-21 12:55,Confirmed,,0.0
2024-11-25 12:00,Confirmed,,0.0
2024-11-25 13:00,Confirmed,,195.0
2024-11-25 13:15,Confirmed,,0.0
2024-11-26 13:00,Confirmed,,0.0
2024-11-27 12:30,Canceled,2024-11-27 09:05,0.0
2024-12-03 09:25,Confirmed,,0.0
2024-12-03 09:50,Confirmed,,0.0
2024-12-03 10:20,Confirmed,,0.0
2024-12-03 12:30,Confirmed,,195.0
2024-12-04 09:40,Confirmed,,0.0
2024-12-05 11:00,Canceled,2024-12-05 14:42,0.0
2024-12-05 13:45,Confirmed,,150.0
2024-12-05 15:00,Confirmed,,0.0
2024-12-09 12:00,Confirmed,,0.0
2024-12-09 12:15,Confirmed,,195.0
2024-12-09 12:30,Confirmed,,0.0
2024-12-10 10:45,Canceled,2024-12-10 18:33,0.0
2024-12-10 13:20,Confirmed,,0.0
2024-12-11 09:45,Confirmed,,0.0
2024-12-11 09:50,Canceled,2024-12-10 07:47,0.0
2024-12-11 13:00,Confirmed,,150.0
2024-12-11 13:15,Confirmed,,0.0
2024-12-12 10:30,Confirmed,,0.0
2024-12-16 13:00,Confirmed,,175.0
2024-12-17 12:30,Confirmed,,0.0
2024-12-17 15:30,Confirmed,,0.0
2024-12-17 16:30,Confirmed,,0.0
2024-12-18 12:30,Missed,,50.0
2024-12-18 12:45,Missed,,50.0
2024-12-18 13:00,Confirmed,,0.0
2024-12-18 13:20,Canceled,2024-12-18 05:59,0.0
2024-12-18 14:15,Confirmed,,0.0
2024-12-19 10:15,Confirmed,,0.0
2024-12-19 10:30,Confirmed,,195.0
2024-12-19 12:40,Missed,,0.0
2024-12-19 13:00,Confirmed,,0.0
2024-12-19 13:40,Confirmed,,0.0
2024-12-19 13:45,Canceled,2024-12-18 13:33,0.0
2024-12-23 09:50,Confirmed,,0.0
2024-12-23 11:00,Confirmed,,0.0
2024-12-30 09:00,Confirmed,,150.0
2024-12-30 09:45,Confirmed,,195.0
2024-12-30 10:00,Canceled,2024-12-22 00:17,0.0
2024-12-30 10:15,Canceled,2024-12-22 00:11,0.0
2024-12-30 10:30,Confirmed,,0.0
2025-01-02 09:45,Canceled,2024-12-22 00:13,0.0
2025-01-03 12:10,Confirmed,,0.0
2025-01-03 13:00,Confirmed,,0.0
2025-01-06 12:20,Confirmed,,0.0
2025-01-06 12:40,Canceled,2025-01-06 12:46,0.0
2025-01-06 13:00,Confirmed,,195.0
2025-01-07 09:35,Confirmed,,195.0
2025-01-07 10:00,Confirmed,,0.0
2025-01-07 12:15,Confirmed,,0.0
2025-01-07 12:40,Confirmed,,0.0
2025-01-07 13:10,Confirmed,,0.0
2025-01-09 11:00,Confirmed,,0.0
2025-01-09 12:35,Confirmed,,0.0
2025-01-09 13:30,Confirmed,,195.0
2025-01-14 11:00,Canceled,2025-01-13 14:30,0.0
2025-01-15 09:40,Confirmed,,0.0
2025-01-15 10:45,Confirmed,,0.0
2025-01-16 10:30,Confirmed,,195.0
2025-01-16 12:40,Canceled,2025-01-16 10:41,0.0
2025-01-16 13:00,Confirmed,,0.0
2025-01-16 13:20,Canceled,2025-01-15 13:59,0.0
2025-01-20 13:00,Canceled,2025-01-20 09:39,0.0
2025-01-21 09:45,Confirmed,,0.0
2025-01-21 10:10,Confirmed,,0.0
2025-01-22 09:45,Confirmed,,0.0
2025-01-23 10:00,Confirmed,,150.0
2025-01-23 12:00,Confirmed,,0.0
2025-01-23 13:00,Confirmed,,0.0
2025-01-27 11:00,Confirmed,,0.0
2025-01-27 11:25,Confirmed,,0.0
2025-01-28 10:45,Confirmed,,0.0
2025-01-29 09:00,Confirmed,,150.0
2025-01-29 11:00,Confirmed,,0.0
2025-01-30 09:45,Confirmed,,0.0
2025-01-30 10:30,Confirmed,,0.0
2025-02-03 10:00,Confirmed,,0.0
2025-02-03 12:15,Confirmed,,150.0
2025-02-04 11:00,Confirmed,,0.0
2025-02-04 12:00,Confirmed,,0.0
2025-02-04 12:25,Confirmed,,0.0
2025-02-05 11:00,Confirmed,,0.0
2025-02-05 11:25,Confirmed,,0.0
2025-02-05 12:30,Confirmed,,0.0
2025-02-06 10:45,Canceled,2025-02-05 19:19,0.0
2025-02-06 11:15,Confirmed,,0.0
2025-02-10 09:50,Confirmed,,0.0
2025-02-10 10:30,Canceled,2025-02-06 09:47,0.0
2025-02-11 10:15,Confirmed,,0.0
2025-02-11 13:30,Confirmed,,0.0
2025-02-11 16:30,Confirmed,,0.0
2025-02-12 10:00,Confirmed,,195.0
2025-02-12 10:20,Confirmed,,0.0
2025-02-17 12:00,Missed,,0.0
2025-02-17 12:30,Canceled,2025-02-16 16:48,0.0
2025-02-18 11:05,Confirmed,,0.0
2025-02-18 11:30,Confirmed,,195.0
2025-02-18 12:00,Confirmed,,0.0
2025-02-19 11:30,Confirmed,,0.0
2025-02-19 12:00,Confirmed,,150.0
2025-02-20 09:30,Confirmed,,195.0
2025-02-24 11:00,Missed,,0.0
2025-02-24 11:15,Confirmed,,0.0
2025-02-24 13:00,Confirmed,,0.0
2025-02-24 13:30,Confirmed,,0.0
2025-02-25 09:45,Confirmed,,195.0
2025-02-25 10:00,Confirmed,,195.0
2025-02-25 10:15,Confirmed,,0.0
2025-02-25 13:00,Confirmed,,0.0
2025-02-26 10:00,Confirmed,,0.0
2025-02-26 10:15,Canceled,2025-02-26 09:04,0.0
2025-02-26 10:30,Confirmed,,195.0
2025-02-26 11:00,Confirmed,,0.0
2025-02-27 14:00,Confirmed,,0.0
2025-02-27 16:00,Confirmed,,0.0
2025-02-28 11:00,Canceled,2025-02-25 13:11,0.0
2025-03-04 12:00,Confirmed,,0.0
2025-03-04 12:20,Canceled,2025-03-03 07:41,0.0
2025-03-04 12:30,Confirmed,,0.0
2025-03-04 19:15,Canceled,2025-03-02 14:31,0.0
2025-03-05 17:00,Confirmed,,150.0
2025-03-05 21:00,Confirmed,,0.0
2025-03-07 10:00,Confirmed,,0.0
2025-03-07 10:25,Confirmed,,0.0
2025-03-07 11:00,Canceled,2025-03-07 11:04,0.0
2025-03-07 11:30,Confirmed,,0.0
2025-03-07 12:15,Confirmed,,0.0
2025-03-11 11:00,Confirmed,,0.0
2025-03-11 12:30,Confirmed,,0.0
2025-03-12 11:00,Confirmed,,0.0
2025-03-13 11:30,Confirmed,,0.0
2025-03-13 12:30,Confirmed,,195.0
2025-03-17 17:00,Confirmed,,150.0
2025-03-18 12:30,Confirmed,,0.0
2025-03-18 13:00,Confirmed,,0.0
2025-03-20 11:30,Confirmed,,0.0
2025-03-20 12:30,Confirmed,,0.0
2025-03-21 09:45,Confirmed,,0.0
2025-03-21 10:10,Confirmed,,0.0
2025-03-21 11:35,Confirmed,,0.0
2025-03-21 12:00,Confirmed,,0.0
2025-03-21 12:20,Confirmed,,195.0
2025-03-21 12:40,Confirmed,,0.0
2025-03-21 13:00,Confirmed,,195.0
2025-03-21 13:20,Confirmed,,0.0
2025-03-24 11:45,Confirmed,,0.0
2025-03-24 12:00,Confirmed,,195.0
2025-03-24 12:20,Canceled,2025-03-24 12:29,0.0
2025-03-25 11:15,Confirmed,,195.0
2025-03-25 11:30,Confirmed,,0.0
2025-03-25 11:55,Confirmed,,0.0
2025-03-25 12:25,Confirmed,,0.0
2025-03-26 12:00,Confirmed,,0.0
2025-03-26 12:30,Confirmed,,0.0
2025-03-27 11:00,Confirmed,,0.0
2025-03-27 11:45,Confirmed,,0.0
2025-03-27 12:00,Missed,,0.0
2025-03-27 12:20,Confirmed,,0.0
2025-03-29 10:00,Confirmed,,50.0
2025-03-31 12:00,Confirmed,,195.0
2025-03-31 12:20,Confirmed,,0.0
2025-04-01 09:00,Confirmed,,0.0
2025-04-01 12:30,Canceled,2025-03-31 08:07,0.0
2025-04-01 13:30,Confirmed,,150.0
2025-04-03 17:00,Confirmed,,0.0
2025-04-04 10:00,Confirmed,,0.0
2025-04-04 10:25,Confirmed,,0.0
2025-04-04 10:50,Confirmed,,0.0
2025-04-04 11:25,Confirmed,,0.0
2025-04-04 12:10,Confirmed,,0.0
2025-04-04 12:35,Confirmed,,0.0
2025-04-04 13:00,Canceled,2025-03-25 06:39,0.0
2025-04-04 13:00,Confirmed,,0.0
2025-04-04 13:25,Confirmed,,0.0
2025-04-04 13:50,Confirmed,,0.0
2025-04-04 14:15,Confirmed,,0.0
2025-04-06 09:00,Confirmed,,150.0
2025-04-07 10:00,Confirmed,,0.0
2025-04-07 11:00,Confirmed,,0.0
2025-04-07 13:30,Confirmed,,0.0
2025-04-07 13:55,Confirmed,,0.0
2025-04-08 13:00,Confirmed,,0.0
2025-04-08 13:20,Confirmed,,195.0
2025-04-08 13:40,Confirmed,,0.0
2025-04-08 14:05,Confirmed,,0.0
2025-04-10 11:20,Confirmed,,0.0
2025-04-10 13:00,Canceled,2025-04-10 14:19,0.0
2025-04-10 13:20,Confirmed,,0.0
2025-04-10 19:00,Confirmed,,0.0
2025-04-15 09:00,Confirmed,,150.0
2025-04-15 13:30,Confirmed,,0.0
2025-04-15 13:55,Confirmed,,0.0
2025-04-16 09:00,Confirmed,,0.0
2025-04-17 11:00,Confirmed,,195.0
2025-04-17 13:10,Confirmed,,0.0
2025-04-17 13:35,Confirmed,,0.0
2025-04-17 13:50,Canceled,2025-04-14 19:30,0.0
2025-04-17 14:00,Confirmed,,0.0
2025-04-17 14:30,Confirmed,,0.0
2025-04-21 12:30,Confirmed,,0.0
2025-04-21 12:50,Canceled,2025-04-21 11:16,0.0
2025-04-21 13:30,Confirmed,,0.0
2025-04-21 15:30,Confirmed,,0.0
2025-04-22 13:15,Confirmed,,0.0
2025-04-24 11:10,Confirmed,,0.0
2025-04-24 12:20,Missed,,0.0
2025-04-24 13:00,Confirmed,,0.0
2025-04-24 13:00,Confirmed,,195.0
2025-04-24 13:25,Confirmed,,0.0
2025-04-24 13:50,Confirmed,,0.0
2025-04-24 14:15,Confirmed,,0.0
2025-04-24 14:20,Confirmed,,195.0
2025-04-24 18:00,Confirmed,,50.0
2025-04-28 13:00,Confirmed,,0.0
2025-04-28 13:25,Confirmed,,0.0
2025-04-28 13:40,Confirmed,,195.0
2025-04-28 14:00,Confirmed,,0.0
2025-04-29 09:45,Canceled,2025-04-28 13:57,0.0
2025-04-29 12:00,Confirmed,,0.0
2025-04-29 12:25,Confirmed,,0.0
2025-04-29 13:30,Confirmed,,0.0
2025-05-01 11:15,Confirmed,,0.0
2025-05-01 12:30,Confirmed,,195.0
2025-05-01 12:45,Confirmed,,0.0
2025-05-01 13:10,Confirmed,,0.0
2025-05-01 14:00,Confirmed,,0.0
2025-05-01 14:45,Confirmed,,0.0
2025-05-05 11:45,Confirmed,,0.0
2025-05-05 13:00,Confirmed,,0.0
2025-05-05 13:20,Confirmed,,150.0
2025-05-05 13:30,Confirmed,,0.0
2025-05-05 13:40,Canceled,2025-04-21 11:09,0.0
2025-05-05 14:00,Confirmed,,0.0
2025-05-06 12:30,Confirmed,,0.0
2025-05-06 12:45,Confirmed,,195.0
2025-05-07 12:00,Confirmed,,0.0
2025-05-08 13:05,Confirmed,,195.0
2025-05-08 13:20,Confirmed,,0.0
2025-05-08 13:45,Confirmed,,0.0
2025-05-08 13:50,Canceled,2025-05-07 13:15,0.0
2025-05-08 14:10,Confirmed,,0.0
2025-05-08 14:35,Confirmed,,0.0
2025-05-08 15:00,Confirmed,,0.0
2025-05-12 11:50,Confirmed,,0.0
2025-05-12 12:15,Confirmed,,0.0
2025-05-12 12:40,Confirmed,,0.0
2025-05-12 13:05,Confirmed,,0.0
2025-05-12 13:30,Confirmed,,0.0
2025-05-13 13:00,Confirmed,,195.0
2025-05-13 13:25,Canceled,2025-05-05 22:15,0.0
2025-05-13 13:30,Missed,,0.0
2025-05-15 09:45,Canceled,2025-05-09 11:16,0.0
2025-05-15 10:45,Confirmed,,0.0
2025-05-15 10:50,Canceled,2025-05-15 09:33,0.0
2025-05-15 11:15,Confirmed,,0.0
2025-05-19 12:00,Canceled,2025-05-19 12:20,0.0
2025-05-19 12:10,Confirmed,,0.0
2025-05-19 12:35,Confirmed,,0.0
2025-05-19 13:10,Confirmed,,0.0
2025-05-20 12:45,Confirmed,,0.0
2025-05-20 13:15,Confirmed,,0.0
2025-05-20 13:40,Confirmed,,195.0
2025-05-20 14:10,Confirmed,,0.0
2025-05-21 08:30,Confirmed,,150.0
2025-05-22 13:00,Confirmed,,195.0
2025-05-22 13:35,Confirmed,,0.0
2025-05-27 10:15,Confirmed,,0.0
2025-05-27 11:15,Confirmed,,0.0
2025-05-27 12:00,Canceled,2025-05-20 15:36,0.0
2025-05-27 12:20,Confirmed,,0.0
2025-05-27 13:30,Canceled,2025-05-27 20:24,0.0
2025-05-28 17:45,Confirmed,,0.0
2025-06-03 11:20,Confirmed,,195.0
2025-06-03 12:00,Confirmed,,0.0
2025-06-03 13:00,Confirmed,,0.0
2025-06-03 13:30,Confirmed,,0.0
2025-06-05 10:45,Confirmed,,0.0
2025-06-05 11:15,Confirmed,,0.0
2025-06-05 12:00,Confirmed,,0.0
2025-06-05 12:25,Confirmed,,0.0
2025-06-05 12:50,Confirmed,,0.0
2025-06-05 13:15,Confirmed,,0.0
2025-06-05 13:45,Confirmed,,0.0
2025-06-05 14:10,Confirmed,,0.0
2025-06-05 14:35,Confirmed,,0.0
2025-06-05 15:00,Confirmed,,0.0
2025-06-09 09:00,Confirmed,,0.0
2025-06-09 10:15,Confirmed,,0.0
2025-06-09 13:15,Confirmed,,195.0
2025-06-09 13:30,Confirmed,,150.0
2025-06-09 13:40,Canceled,2025-06-09 13:44,0.0
2025-06-09 13:50,Confirmed,,0.0
2025-06-10 09:30,Confirmed,,0.0
2025-06-10 10:30,Confirmed,,0.0
2025-06-10 12:45,Confirmed,,0.0
2025-06-10 13:15,Confirmed,,0.0
2025-06-12 11:10,Canceled,2025-06-10 15:32,0.0
2025-06-12 11:15,Confirmed,,0.0
2025-06-12 13:00,Confirmed,,0.0
2025-06-12 13:30,Confirmed,,0.0
2025-06-12 13:45,Confirmed,,195.0
2025-06-16 11:15,Confirmed,,0.0
2025-06-16 11:40,Confirmed,,0.0
2025-06-16 14:45,Confirmed,,195.0
2025-06-17 12:45,Confirmed,,0.0
2025-06-17 13:15,Confirmed,,0.0
2025-06-17 13:40,Confirmed,,0.0
2025-06-17 14:00,Canceled,2025-06-16 14:44,0.0
2025-06-17 14:05,Confirmed,,0.0
2025-06-18 12:45,Canceled,2025-06-17 09:23,0.0
2025-06-18 13:00,Confirmed,,0.0
2025-06-19 13:00,Confirmed,,395.0
2025-06-19 14:00,Confirmed,,195.0
2025-06-23 12:15,Confirmed,,0.0
2025-06-24 10:30,Confirmed,,0.0
2025-06-24 10:55,Confirmed,,0.0
2025-06-24 12:00,Canceled,2025-06-23 15:49,0.0
2025-06-24 13:20,Confirmed,,0.0
2025-06-24 13:30,Confirmed,,195.0
2025-06-24 13:30,Canceled,2025-06-24 08:11,0.0
2025-06-24 13:45,Confirmed,,0.0
2025-06-24 14:30,Confirmed,,195.0
2025-06-25 13:00,Confirmed,,0.0
2025-06-25 14:00,Confirmed,,0.0
2025-06-26 11:10,Canceled,2025-06-26 16:44,0.0
2025-06-26 11:20,Confirmed,,0.0
2025-06-26 11:45,Canceled,2025-06-24 13:56,0.0
2025-06-26 13:00,Canceled,2025-06-26 16:38,0.0
2025-06-26 13:15,Confirmed,,0.0
2025-06-26 13:20,Canceled,2025-06-01 09:13,0.0
2025-06-26 13:40,Confirmed,,0.0
2025-06-26 14:05,Confirmed,,195.0
2025-06-30 13:00,Canceled,2025-06-29 10:52,0.0
2025-07-01 12:45,Confirmed,,0.0
2025-07-02 09:00,Confirmed,,0.0
2025-07-08 11:15,Confirmed,,0.0
2025-07-08 11:40,Confirmed,,0.0
2025-07-08 12:05,Confirmed,,0.0
2025-07-08 12:30,Confirmed,,0.0
2025-07-08 13:00,Confirmed,,0.0
2025-07-08 13:25,Confirmed,,0.0
2025-07-08 14:00,Confirmed,,195.0
2025-07-09 13:30,Confirmed,,0.0
2025-07-10 11:15,Confirmed,,0.0
2025-07-10 12:30,Confirmed,,0.0
2025-07-10 13:00,Confirmed,,0.0
2025-07-10 13:15,Canceled,2025-07-07 15:26,0.0
2025-07-10 13:30,Missed,,0.0
2025-07-10 13:45,Confirmed,,195.0
2025-07-14 09:30,Canceled,2025-07-09 12:24,0.0
2025-07-14 12:30,Missed,,0.0
2025-07-14 13:15,Confirmed,,0.0
2025-07-15 10:00,Confirmed,,195.0
2025-07-15 10:30,Confirmed,,0.0
2025-07-15 11:25,Confirmed,,0.0
2025-07-15 12:30,Confirmed,,0.0
2025-07-15 13:00,Canceled,2025-07-08 13:54,0.0
2025-07-15 13:45,Confirmed,,0.0
2025-07-16 08:45,Canceled,2025-07-15 21:01,0.0
2025-07-16 11:45,Canceled,2025-07-16 09:16,0.0
2025-07-16 12:30,Confirmed,,0.0
2025-07-16 13:15,Canceled,2025-07-14 12:29,0.0
2025-07-16 13:15,Confirmed,,195.0
2025-07-16 13:30,Confirmed,,0.0
2025-07-17 11:15,Confirmed,,0.0
2025-07-17 11:40,Confirmed,,0.0
2025-07-17 12:15,Confirmed,,0.0
2025-07-17 12:40,Confirmed,,0.0
2025-07-17 12:45,Confirmed,,195.0
2025-07-17 13:45,Confirmed,,195.0
2025-07-17 14:10,Confirmed,,0.0
2025-07-17 14:55,Confirmed,,395.0
2025-07-17 18:00,Confirmed,,0.0
2025-07-18 10:45,Confirmed,,0.0
2025-07-18 13:30,Confirmed,,395.0
2025-07-21 13:00,Confirmed,,0.0
2025-07-22 09:00,Confirmed,,150.0
2025-07-22 13:00,Confirmed,,0.0
2025-07-23 11:45,Confirmed,,0.0
2025-07-23 13:30,Confirmed,,0.0
2025-07-24 12:30,Confirmed,,195.0
2025-07-24 13:00,Confirmed,,0.0
2025-07-24 13:25,Confirmed,,0.0
2025-07-24 13:40,Confirmed,,195.0
2025-07-24 13:50,Confirmed,,0.0
2025-07-24 13:50,Canceled,2025-07-21 13:03,0.0
2025-07-24 14:15,Confirmed,,0.0
2025-07-24 14:40,Confirmed,,0.0
2025-07-28 12:30,Confirmed,,0.0
2025-07-29 13:00,Confirmed,,0.0
2025-07-29 13:20,Confirmed,,0.0
2025-07-29 13:40,Confirmed,,0.0
2025-07-30 08:00,Canceled,2025-07-30 08:31,0.0
2025-07-31 13:00,Confirmed,,0.0
2025-07-31 13:15,Canceled,2025-07-30 07:16,0.0
2025-08-04 14:30,Confirmed,,0.0
2025-08-05 10:30,Confirmed,,0.0
2025-08-05 12:00,Confirmed,,0.0
2025-08-05 12:30,Confirmed,,0.0
2025-08-05 13:00,Confirmed,,0.0
2025-08-05 14:15,Confirmed,,0.0
2025-08-06 13:00,Confirmed,,0.0
2025-08-07 09:30,Confirmed,,0.0
2025-08-07 12:00,Confirmed,,195.0
2025-08-07 12:30,Confirmed,,0.0
2025-08-07 13:00,Missed,,0.0
2025-08-07 13:15,Confirmed,,0.0
2025-08-07 13:30,Missed,,0.0
2025-08-07 13:45,Confirmed,,0.0
2025-08-07 14:00,Confirmed,,195.0
2025-08-08 10:00,Confirmed,,0.0
2025-08-08 10:45,Canceled,2025-08-07 07:03,0.0
2025-08-08 11:30,Canceled,2025-08-07 07:31,0.0
2025-08-11 09:30,Confirmed,,150.0
2025-08-11 11:30,Confirmed,,195.0
2025-08-11 12:00,Confirmed,,0.0
2025-08-11 12:50,Confirmed,,0.0
2025-08-11 13:20,Confirmed,,0.0
2025-08-11 14:40,Confirmed,,0.0
2025-08-12 13:15,Confirmed,,0.0
2025-08-12 13:20,Canceled,2025-08-11 13:37,0.0
2025-08-12 13:40,Confirmed,,0.0
2025-08-12 14:10,Confirmed,,0.0
2025-08-12 14:50,Confirmed,,0.0
2025-08-12 16:30,Confirmed,,0.0
2025-08-14 11:15,Confirmed,,0.0
2025-08-14 12:30,Confirmed,,0.0
2025-08-14 13:15,Confirmed,,0.0
2025-08-14 13:45,Confirmed,,0.0
2025-08-14 14:15,Confirmed,,0.0
2025-08-18 12:20,Confirmed,,0.0
2025-08-18 13:20,Confirmed,,195.0
2025-08-18 13:40,Confirmed,,0.0
2025-08-18 14:10,Confirmed,,0.0
2025-08-18 14:40,Confirmed,,0.0
2025-08-18 19:00,Confirmed,,0.0
2025-08-19 10:30,Canceled,2025-08-14 23:49,0.0
2025-08-19 10:50,Confirmed,,0.0
2025-08-19 11:15,Confirmed,,0.0
2025-08-19 12:30,Confirmed,,195.0
2025-08-19 13:00,Missed,,0.0
2025-08-19 13:15,Confirmed,,0.0
2025-08-19 13:40,Confirmed,,0.0
2025-08-19 13:50,Canceled,2025-08-19 13:58,0.0
2025-08-19 14:05,Confirmed,,0.0
2025-08-19 14:30,Confirmed,,0.0
2025-08-26 13:15,Confirmed,,0.0
2025-08-26 13:40,Confirmed,,0.0
2025-08-27 13:50,Canceled,2025-08-13 19:17,0.0
2025-08-28 10:30,Confirmed,,0.0
2025-08-28 12:30,Confirmed,,0.0
2025-08-28 13:00,Confirmed,,0.0
2025-08-28 13:25,Confirmed,,0.0
2025-08-28 13:50,Confirmed,,0.0
2025-08-28 13:50,Canceled,2025-08-28 11:28,0.0
2025-09-04 13:20,Canceled,2025-08-28 13:05,0.0
2025-09-05 11:05,Confirmed,,0.0
2025-09-05 11:30,Confirmed,,0.0
2025-09-08 12:00,Canceled,2025-09-05 10:01,0.0
2025-09-09 11:15,Confirmed,,195.0
2025-09-09 12:30,Canceled,2025-09-08 07:45,0.0
2025-09-09 13:30,Confirmed,,0.0
2025-09-09 13:55,Confirmed,,0.0
2025-09-10 12:45,Confirmed,,195.0
2025-09-10 13:00,Confirmed,,195.0
2025-09-10 14:30,Missed,,0.0
2025-09-11 10:30,Canceled,2025-09-11 08:42,0.0
2025-09-11 13:00,Canceled,2025-09-03 11:56,0.0
2025-09-11 13:05,Confirmed,,0.0
2025-09-15 12:30,Confirmed,,195.0
2025-09-15 13:00,Confirmed,,195.0
2025-09-15 13:25,Confirmed,,0.0
2025-09-15 13:50,Confirmed,,0.0
2025-09-15 14:55,Confirmed,,0.0
2025-09-16 13:00,Canceled,2025-09-15 07:40,0.0
2025-09-16 13:20,Confirmed,,0.0
2025-09-16 14:00,Confirmed,,0.0
2025-09-16 14:50,Confirmed,,0.0
2025-09-17 12:30,Confirmed,,0.0
2025-09-17 12:45,Confirmed,,0.0
2025-09-17 13:30,Confirmed,,0.0
2025-09-18 12:40,Confirmed,,0.0
2025-09-18 13:00,Confirmed,,0.0
2025-09-18 13:20,Confirmed,,0.0
2025-09-18 13:30,Confirmed,,0.0
2025-09-18 13:50,Confirmed,,0.0
2025-09-19 10:30,Canceled,2025-09-15 14:53,0.0
2025-09-19 13:00,Confirmed,,0.0
2025-09-23 13:00,Confirmed,,0.0
2025-09-24 13:00,Confirmed,,0.0
2025-09-26 09:00,Confirmed,,0.0
2025-09-26 13:30,Confirmed,,0.0
2025-09-30 12:00,Confirmed,,0.0
2025-09-30 13:10,Confirmed,,0.0
2025-09-30 13:30,Confirmed,,0.0
2025-09-30 14:00,Confirmed,,0.0
2025-09-30 14:20,Confirmed,,0.0
2025-10-02 13:50,Confirmed,,0.0
2025-10-14 12:30,Confirmed,,0.0
2025-10-14 13:00,Confirmed,,0.0
2025-10-14 13:15,Confirmed,,0.0
2025-10-14 13:30,Confirmed,,0.0
2025-10-14 13:45,Confirmed,,0.0
2025-10-16 11:00,Confirmed,,0.0
2025-10-16 13:00,Canceled,2025-09-15 15:05,0.0
2025-10-16 13:00,Confirmed,,0.0
2025-10-30 13:00,Confirmed,,0.0
2025-10-30 13:20,Confirmed,,0.0
